PSM ID, Feature and its value meeting criteria
A14-07151_Ratio.13677.13677.3,Intra-Protein Euclidean Distance:1.0611,
A14-07151_Ratio.10296.10296.3,Intra-Peptide Euclidean Distance:1.2284,Intra-Protein Euclidean Distance:1.5311,
A14-07151_Ratio.08812.08812.3,Intra-Peptide Euclidean Distance:2.4926,Intra-Protein Euclidean Distance:1.7625,
A14-07151_Ratio.10903.10903.3,Intra-Peptide Euclidean Distance:1.3696,
A14-07151_Ratio.11585.11585.3,Intra-Peptide Euclidean Distance:2.5905,Intra-Protein Euclidean Distance:4.3037,
A14-07151_Ratio.05370.05370.3,Average Reporter Ion Intensity:9338.145286363755,
A14-07151_Ratio.10859.10859.2,Intra-Peptide Euclidean Distance:2.231,Intra-Protein Euclidean Distance:2.6347,
A14-07151_Ratio.07047.07047.2,Intra-Peptide Euclidean Distance:1.3751,Intra-Protein Euclidean Distance:1.6778,
A14-07151_Ratio.04943.04943.2,Intra-Peptide Euclidean Distance:0.9152,Intra-Protein Euclidean Distance:1.1684,
A14-07151_Ratio.13623.13623.3,Intra-Peptide Euclidean Distance:1.9147,Intra-Protein Euclidean Distance:0.9292,
A14-07151_Ratio.16639.16639.3,Intra-Peptide Euclidean Distance:1.4746,Intra-Protein Euclidean Distance:1.9347,
A14-07151_Ratio.04711.04711.3,Intra-Peptide Euclidean Distance:1.3338,Intra-Protein Euclidean Distance:1.6311,
A14-07151_Ratio.05954.05954.3,Intra-Peptide Euclidean Distance:1.3,Intra-Protein Euclidean Distance:1.6382,
A14-07151_Ratio.10015.10015.3,Intra-Peptide Euclidean Distance:1.3434,Intra-Protein Euclidean Distance:1.6646,
A14-07151_Ratio.18516.18516.3,Intra-Peptide Euclidean Distance:1.4113,Intra-Protein Euclidean Distance:0.8867,
A14-07151_Ratio.26040.26040.3,Intra-Protein Euclidean Distance:0.6724,
A14-07151_Ratio.08834.08834.2,Intra-Peptide Euclidean Distance:1.2937,Intra-Protein Euclidean Distance:2.1557,
A14-07151_Ratio.09077.09077.2,Intra-Peptide Euclidean Distance:0.8483,Intra-Protein Euclidean Distance:0.7838,
A14-07151_Ratio.23960.23960.2,Intra-Protein Euclidean Distance:0.9731,
A14-07151_Ratio.08094.08094.2,Intra-Protein Euclidean Distance:1.1036,
A14-07151_Ratio.09926.09926.2,Intra-Protein Euclidean Distance:0.8221,
A14-07151_Ratio.12126.12126.2,Intra-Peptide Euclidean Distance:0.8572,
A14-07151_Ratio.22605.22605.2,Intra-Protein Euclidean Distance:1.0003,
A14-07151_Ratio.20319.20319.2,Intra-Protein Euclidean Distance:0.7656,
A14-07151_Ratio.12394.12394.2,Intra-Protein Euclidean Distance:1.0241,
A14-07151_Ratio.13407.13407.2,Intra-Protein Euclidean Distance:0.9794,
A14-07151_Ratio.09943.09943.2,Intra-Protein Euclidean Distance:0.8953,
A14-07151_Ratio.19121.19121.2,Intra-Protein Euclidean Distance:0.9144,
A14-07151_Ratio.14007.14007.2,Intra-Protein Euclidean Distance:0.6153,
A14-07151_Ratio.15261.15261.2,Intra-Peptide Euclidean Distance:3.2184,Intra-Protein Euclidean Distance:3.4245,
A14-07151_Ratio.13806.13806.3,Intra-Peptide Euclidean Distance:1.4391,
A14-07151_Ratio.15386.15386.3,Intra-Peptide Euclidean Distance:2.9579,Intra-Protein Euclidean Distance:4.4186,
A14-07151_Ratio.02852.02852.3,Average Reporter Ion Intensity:1963.9442077777887,Intra-Protein Euclidean Distance:0.8325,
A14-07151_Ratio.05386.05386.2,Intra-Peptide Euclidean Distance:3.3141,Intra-Protein Euclidean Distance:3.5416,
A14-07151_Ratio.04787.04787.2,Intra-Peptide Euclidean Distance:2.6077,Intra-Protein Euclidean Distance:2.8125,
A14-07151_Ratio.05884.05884.2,Intra-Peptide Euclidean Distance:1.0909,Intra-Protein Euclidean Distance:1.2265,
A14-07151_Ratio.15713.15713.2,Intra-Peptide Euclidean Distance:0.9048,Intra-Protein Euclidean Distance:0.8433,
A14-07151_Ratio.08403.08403.3,Intra-Peptide Euclidean Distance:1.5723,Intra-Protein Euclidean Distance:1.44,
A14-07151_Ratio.21452.21452.3,Intra-Peptide Euclidean Distance:1.5354,Intra-Protein Euclidean Distance:1.5125,
A14-07151_Ratio.18318.18318.3,Intra-Peptide Euclidean Distance:2.1659,Intra-Protein Euclidean Distance:1.0782,
A14-07151_Ratio.12679.12679.3,Intra-Peptide Euclidean Distance:3.0469,Intra-Protein Euclidean Distance:3.0617,
A14-07151_Ratio.06806.06806.2,Intra-Protein Euclidean Distance:0.9529,
A14-07151_Ratio.17455.17455.2,Intra-Protein Euclidean Distance:0.8705,
A14-07151_Ratio.25256.25256.2,Intra-Peptide Euclidean Distance:2.7301,Intra-Protein Euclidean Distance:1.1543,
A14-07151_Ratio.19727.19727.2,Intra-Protein Euclidean Distance:0.7998,
A14-07151_Ratio.10569.10569.2,Intra-Protein Euclidean Distance:0.8115,
A14-07151_Ratio.11184.11184.2,Intra-Protein Euclidean Distance:0.8411,
A14-07151_Ratio.11595.11595.2,Intra-Protein Euclidean Distance:0.9906,
A14-07151_Ratio.03700.03700.2,Intra-Protein Euclidean Distance:0.9744,
A14-07151_Ratio.04213.04213.2,Intra-Protein Euclidean Distance:1.0445,
A14-07151_Ratio.10591.10591.2,Intra-Protein Euclidean Distance:0.9301,
A14-07151_Ratio.10879.10879.2,Intra-Protein Euclidean Distance:0.6115,
A14-07151_Ratio.06861.06861.2,Intra-Protein Euclidean Distance:0.9778,
A14-07151_Ratio.07730.07730.2,Intra-Protein Euclidean Distance:1.003,
A14-07151_Ratio.07346.07346.2,Intra-Peptide Euclidean Distance:2.1475,Intra-Protein Euclidean Distance:0.7303,
A14-07151_Ratio.24385.24385.2,Intra-Protein Euclidean Distance:0.8118,
A14-07151_Ratio.09536.09536.4,Intra-Peptide Euclidean Distance:1.6776,Intra-Protein Euclidean Distance:1.4688,
A14-07151_Ratio.21136.21136.2,Intra-Protein Euclidean Distance:0.8383,
A14-07151_Ratio.19491.19491.2,Intra-Protein Euclidean Distance:0.81,
A14-07151_Ratio.21492.21492.2,Intra-Protein Euclidean Distance:0.7222,
A14-07151_Ratio.20655.20655.2,Intra-Protein Euclidean Distance:0.8044,
A14-07151_Ratio.18589.18589.2,Intra-Peptide Euclidean Distance:2.2286,Intra-Protein Euclidean Distance:2.7728,
A14-07151_Ratio.20204.20204.2,Intra-Protein Euclidean Distance:0.9132,
A14-07151_Ratio.08728.08728.2,Intra-Peptide Euclidean Distance:1.0985,Intra-Protein Euclidean Distance:1.0063,
A14-07151_Ratio.14729.14729.4,Intra-Peptide Euclidean Distance:1.582,Intra-Protein Euclidean Distance:4.0251,
A14-07151_Ratio.14972.14972.2,Intra-Peptide Euclidean Distance:1.5334,Intra-Protein Euclidean Distance:1.4316,
A14-07151_Ratio.17147.17147.2,Intra-Peptide Euclidean Distance:3.0013,Intra-Protein Euclidean Distance:2.8122,
A14-07151_Ratio.15539.15539.2,Intra-Protein Euclidean Distance:0.6713,
A14-07151_Ratio.11565.11565.4,Intra-Protein Euclidean Distance:0.6581,
A14-07151_Ratio.12588.12588.2,Intra-Peptide Euclidean Distance:0.9952,Intra-Protein Euclidean Distance:1.2036,
A14-07151_Ratio.22377.22377.2,Intra-Peptide Euclidean Distance:1.8364,Intra-Protein Euclidean Distance:2.0465,
A14-07151_Ratio.23474.23474.2,Intra-Peptide Euclidean Distance:2.5007,Intra-Protein Euclidean Distance:2.7366,
A14-07151_Ratio.12015.12015.2,Intra-Protein Euclidean Distance:0.605,
A14-07151_Ratio.07517.07517.2,Intra-Peptide Euclidean Distance:1.6677,Intra-Protein Euclidean Distance:1.9083,
A14-07151_Ratio.04566.04566.2,Intra-Protein Euclidean Distance:1.2065,
A14-07151_Ratio.07302.07302.2,Intra-Protein Euclidean Distance:1.1398,
A14-07151_Ratio.12001.12001.2,Intra-Protein Euclidean Distance:0.8845,
A14-07151_Ratio.22620.22620.2,Intra-Protein Euclidean Distance:1.0654,
A14-07151_Ratio.09258.09258.2,Intra-Protein Euclidean Distance:1.1585,
A14-07151_Ratio.28189.28189.2,Intra-Protein Euclidean Distance:1.0598,
A14-07151_Ratio.09778.09778.2,Intra-Protein Euclidean Distance:0.9607,
A14-07151_Ratio.08001.08001.2,Intra-Protein Euclidean Distance:1.2299,
A14-07151_Ratio.11345.11345.2,Intra-Protein Euclidean Distance:1.0187,
A14-07151_Ratio.05460.05460.2,Intra-Protein Euclidean Distance:1.182,
A14-07151_Ratio.10435.10435.2,Intra-Peptide Euclidean Distance:1.5755,
A14-07151_Ratio.19620.19620.2,Intra-Protein Euclidean Distance:1.1631,
A14-07151_Ratio.18051.18051.2,Intra-Protein Euclidean Distance:1.1902,
A14-07151_Ratio.09542.09542.2,Intra-Protein Euclidean Distance:1.0036,
A14-07151_Ratio.13024.13024.2,Intra-Peptide Euclidean Distance:1.9812,Intra-Protein Euclidean Distance:1.8299,
A14-07151_Ratio.11792.11792.2,Intra-Peptide Euclidean Distance:0.8015,Intra-Protein Euclidean Distance:0.7217,
A14-07151_Ratio.06222.06222.2,Intra-Protein Euclidean Distance:1.0267,
A14-07151_Ratio.11955.11955.2,Intra-Protein Euclidean Distance:0.9211,
A14-07151_Ratio.15125.15125.2,Intra-Protein Euclidean Distance:0.8465,
A14-07151_Ratio.19330.19330.2,Intra-Protein Euclidean Distance:0.8505,
A14-07151_Ratio.16938.16938.2,Intra-Protein Euclidean Distance:0.8649,
A14-07151_Ratio.17250.17250.2,Intra-Protein Euclidean Distance:0.6554,
A14-07151_Ratio.10930.10930.2,Intra-Peptide Euclidean Distance:1.3011,Intra-Protein Euclidean Distance:1.0535,
A14-07151_Ratio.08981.08981.2,Intra-Peptide Euclidean Distance:2.6204,Intra-Protein Euclidean Distance:3.0078,
A14-07151_Ratio.21070.21070.2,Intra-Peptide Euclidean Distance:1.1913,Intra-Protein Euclidean Distance:0.7499,
A14-07151_Ratio.20715.20715.2,Intra-Peptide Euclidean Distance:1.4221,Intra-Protein Euclidean Distance:1.147,
A14-07151_Ratio.10495.10495.2,Intra-Peptide Euclidean Distance:2.6212,Intra-Protein Euclidean Distance:2.7135,
A14-07151_Ratio.17332.17332.2,Intra-Peptide Euclidean Distance:0.8597,Intra-Protein Euclidean Distance:0.8678,
A14-07151_Ratio.06607.06607.2,Intra-Peptide Euclidean Distance:2.638,Intra-Protein Euclidean Distance:2.7287,
A14-07151_Ratio.19264.19264.2,Intra-Peptide Euclidean Distance:2.5303,Intra-Protein Euclidean Distance:2.9074,
A14-07151_Ratio.14550.14550.2,Intra-Peptide Euclidean Distance:1.5091,Intra-Protein Euclidean Distance:1.7945,
A14-07151_Ratio.18709.18709.2,Intra-Peptide Euclidean Distance:0.9744,Intra-Protein Euclidean Distance:1.1961,
A14-07151_Ratio.23621.23621.3,Average Reporter Ion Intensity:6368.706477834586,Intra-Protein Euclidean Distance:0.6397,
A14-07151_Ratio.40210.40210.3,Intra-Protein Euclidean Distance:0.7912,
A14-07151_Ratio.12962.12962.2,Intra-Peptide Euclidean Distance:1.8495,Intra-Protein Euclidean Distance:2.0209,
A14-07151_Ratio.14880.14880.2,Intra-Peptide Euclidean Distance:1.1674,Intra-Protein Euclidean Distance:1.4593,
A14-07151_Ratio.16921.16921.2,Intra-Peptide Euclidean Distance:0.8304,Intra-Protein Euclidean Distance:1.0827,
A14-07151_Ratio.20693.20693.2,Intra-Protein Euclidean Distance:0.8353,
A14-07151_Ratio.16882.16882.2,Intra-Peptide Euclidean Distance:1.0578,Intra-Protein Euclidean Distance:1.0867,
A14-07151_Ratio.16512.16512.2,Intra-Peptide Euclidean Distance:1.1562,Intra-Protein Euclidean Distance:1.1872,
A14-07151_Ratio.07454.07454.2,Intra-Protein Euclidean Distance:0.653,
A14-07151_Ratio.06057.06057.2,Intra-Peptide Euclidean Distance:2.0237,Intra-Protein Euclidean Distance:2.8849,
A14-07151_Ratio.10963.10963.2,Intra-Peptide Euclidean Distance:1.0898,Intra-Protein Euclidean Distance:1.1466,
A14-07151_Ratio.13394.13394.2,Intra-Peptide Euclidean Distance:1.6775,Intra-Protein Euclidean Distance:0.9968,
A14-07151_Ratio.17783.17783.2,Intra-Peptide Euclidean Distance:1.3499,Intra-Protein Euclidean Distance:1.3258,
A14-07151_Ratio.09863.09863.2,Intra-Peptide Euclidean Distance:1.0489,Intra-Protein Euclidean Distance:1.0883,
A14-07151_Ratio.15661.15661.2,Intra-Peptide Euclidean Distance:1.83,Intra-Protein Euclidean Distance:1.7973,
A14-07151_Ratio.15365.15365.2,Intra-Protein Euclidean Distance:0.6023,
A14-07151_Ratio.12827.12827.2,Intra-Protein Euclidean Distance:1.0725,
A14-07151_Ratio.30230.30230.2,Intra-Peptide Euclidean Distance:0.8947,Intra-Protein Euclidean Distance:0.9051,
A14-07151_Ratio.09678.09678.2,Intra-Protein Euclidean Distance:0.631,
A14-07151_Ratio.06523.06523.2,Intra-Protein Euclidean Distance:1.0844,
A14-07151_Ratio.02957.02957.2,Intra-Peptide Euclidean Distance:1.4642,Intra-Protein Euclidean Distance:1.2957,
A14-07151_Ratio.11656.11656.2,Intra-Protein Euclidean Distance:0.9512,
A14-07151_Ratio.13834.13834.2,Intra-Protein Euclidean Distance:1.1507,
A14-07151_Ratio.12957.12957.2,Intra-Protein Euclidean Distance:0.6523,
A14-07151_Ratio.37764.37764.2,Intra-Peptide Euclidean Distance:2.1111,Intra-Protein Euclidean Distance:2.0743,
A14-07151_Ratio.12243.12243.2,Intra-Peptide Euclidean Distance:1.26,Intra-Protein Euclidean Distance:1.7367,
A14-07151_Ratio.08323.08323.2,Intra-Peptide Euclidean Distance:2.3842,Intra-Protein Euclidean Distance:2.5548,
A14-07151_Ratio.20305.20305.2,Intra-Peptide Euclidean Distance:1.3665,Intra-Protein Euclidean Distance:1.8433,
A14-07151_Ratio.19923.19923.2,Intra-Peptide Euclidean Distance:1.0651,Intra-Protein Euclidean Distance:1.5221,
A14-07151_Ratio.19448.19448.2,Intra-Peptide Euclidean Distance:1.7029,Intra-Protein Euclidean Distance:2.2689,
A14-07151_Ratio.11382.11382.2,Intra-Peptide Euclidean Distance:1.2279,Intra-Protein Euclidean Distance:1.676,
A14-07151_Ratio.18225.18225.2,Intra-Peptide Euclidean Distance:1.3038,Intra-Protein Euclidean Distance:1.7161,
A14-07151_Ratio.21273.21273.2,Intra-Protein Euclidean Distance:0.6594,
A14-07151_Ratio.19357.19357.2,Intra-Peptide Euclidean Distance:2.0929,Intra-Protein Euclidean Distance:2.74,
A14-07151_Ratio.08173.08173.2,Intra-Peptide Euclidean Distance:1.4907,Intra-Protein Euclidean Distance:2.0397,
A14-07151_Ratio.11485.11485.2,Intra-Protein Euclidean Distance:1.4431,
A14-07151_Ratio.11421.11421.2,Intra-Protein Euclidean Distance:1.2781,
A14-07151_Ratio.10933.10933.2,Intra-Protein Euclidean Distance:1.1097,
A14-07151_Ratio.11711.11711.2,Intra-Protein Euclidean Distance:0.9576,
A14-07151_Ratio.12132.12132.2,Intra-Protein Euclidean Distance:1.0648,
A14-07151_Ratio.10194.10194.2,Intra-Protein Euclidean Distance:1.0298,
A14-07151_Ratio.11304.11304.2,Intra-Protein Euclidean Distance:1.134,
A14-07151_Ratio.05971.05971.2,Intra-Protein Euclidean Distance:1.1818,
A14-07151_Ratio.20695.20695.2,Intra-Protein Euclidean Distance:1.1871,
A14-07151_Ratio.14116.14116.2,Intra-Protein Euclidean Distance:0.9898,
A14-07151_Ratio.13156.13156.2,Intra-Peptide Euclidean Distance:1.5117,
A14-07151_Ratio.14605.14605.2,Intra-Protein Euclidean Distance:0.7568,
A14-07151_Ratio.13743.13743.2,Intra-Protein Euclidean Distance:1.1333,
A14-07151_Ratio.10888.10888.2,Intra-Peptide Euclidean Distance:1.1305,
A14-07151_Ratio.14274.14274.2,Intra-Peptide Euclidean Distance:1.2217,Intra-Protein Euclidean Distance:1.2377,
A14-07151_Ratio.22172.22172.2,Intra-Peptide Euclidean Distance:1.1555,Intra-Protein Euclidean Distance:1.2178,
A14-07151_Ratio.10821.10821.2,Intra-Peptide Euclidean Distance:2.3347,Intra-Protein Euclidean Distance:2.5362,
A14-07151_Ratio.08074.08074.2,Intra-Peptide Euclidean Distance:0.9464,Intra-Protein Euclidean Distance:1.3364,
A14-07151_Ratio.13913.13913.2,Intra-Peptide Euclidean Distance:1.1592,Intra-Protein Euclidean Distance:1.4458,
A14-07151_Ratio.16459.16459.2,Intra-Peptide Euclidean Distance:2.0397,Intra-Protein Euclidean Distance:2.2279,
A14-07151_Ratio.32296.32296.3,Intra-Peptide Euclidean Distance:1.1678,
A14-07151_Ratio.16551.16551.2,Intra-Protein Euclidean Distance:0.6171,
A14-07151_Ratio.21054.21054.2,Intra-Peptide Euclidean Distance:1.4154,Intra-Protein Euclidean Distance:1.3454,
A14-07151_Ratio.11290.11290.2,Intra-Peptide Euclidean Distance:1.1194,Intra-Protein Euclidean Distance:1.1322,
A14-07151_Ratio.03004.03004.2,Intra-Protein Euclidean Distance:0.6191,
A14-07151_Ratio.02225.02225.2,Average Reporter Ion Intensity:3821.664339163775,Intra-Protein Euclidean Distance:0.6432,
A14-07151_Ratio.03068.03068.2,Average Reporter Ion Intensity:5109.106955601482,Intra-Protein Euclidean Distance:0.6623,
A14-07151_Ratio.09639.09639.2,Intra-Protein Euclidean Distance:1.4401,
A14-07151_Ratio.10996.10996.2,Intra-Protein Euclidean Distance:0.6095,
A14-07151_Ratio.11910.11910.2,Intra-Protein Euclidean Distance:0.678,
A14-07151_Ratio.21734.21734.2,Intra-Peptide Euclidean Distance:1.1725,Intra-Protein Euclidean Distance:2.3768,
A14-07151_Ratio.25162.25162.2,Intra-Protein Euclidean Distance:0.6764,
A14-07151_Ratio.22261.22261.2,Intra-Peptide Euclidean Distance:4.1763,Intra-Protein Euclidean Distance:4.1779,
A14-07151_Ratio.16500.16500.2,Intra-Peptide Euclidean Distance:0.9512,Intra-Protein Euclidean Distance:1.0163,
A14-07151_Ratio.11351.11351.2,Intra-Peptide Euclidean Distance:3.2182,Intra-Protein Euclidean Distance:3.0887,
A14-07151_Ratio.19205.19205.2,Intra-Peptide Euclidean Distance:1.0183,Intra-Protein Euclidean Distance:0.9934,
A14-07151_Ratio.41778.41778.2,Intra-Peptide Euclidean Distance:6.7935,Intra-Protein Euclidean Distance:6.9242,
A14-07151_Ratio.30048.30048.2,Intra-Peptide Euclidean Distance:0.8114,Intra-Protein Euclidean Distance:0.7824,
A14-07151_Ratio.13537.13537.2,Intra-Protein Euclidean Distance:0.6044,
A14-07151_Ratio.13915.13915.2,Intra-Peptide Euclidean Distance:1.1431,Intra-Protein Euclidean Distance:0.8008,
A14-07151_Ratio.08745.08745.2,Intra-Peptide Euclidean Distance:0.8596,Intra-Protein Euclidean Distance:0.9303,
A14-07151_Ratio.23143.23143.2,Intra-Peptide Euclidean Distance:0.9793,Intra-Protein Euclidean Distance:0.9693,
A14-07151_Ratio.16851.16851.2,Intra-Protein Euclidean Distance:0.8471,
A14-07151_Ratio.12705.12705.2,Intra-Protein Euclidean Distance:0.7915,
A14-07151_Ratio.10919.10919.2,Intra-Protein Euclidean Distance:0.9092,
A14-07151_Ratio.11366.11366.2,Intra-Protein Euclidean Distance:0.7109,
A14-07151_Ratio.17564.17564.2,Intra-Protein Euclidean Distance:0.6835,
A14-07151_Ratio.13278.13278.2,Intra-Protein Euclidean Distance:0.7297,
A14-07151_Ratio.16067.16067.2,Intra-Protein Euclidean Distance:0.8285,
A14-07151_Ratio.18015.18015.2,Intra-Peptide Euclidean Distance:2.7318,Intra-Protein Euclidean Distance:1.2775,
A14-07151_Ratio.12138.12138.2,Intra-Protein Euclidean Distance:0.8927,
A14-07151_Ratio.16431.16431.2,Intra-Protein Euclidean Distance:0.8691,
A14-07151_Ratio.14300.14300.2,Intra-Protein Euclidean Distance:0.7617,
A14-07151_Ratio.20429.20429.2,Intra-Protein Euclidean Distance:0.7916,
A14-07151_Ratio.07095.07095.2,Intra-Protein Euclidean Distance:0.824,
A14-07151_Ratio.08357.08357.2,Intra-Peptide Euclidean Distance:1.7703,
A14-07151_Ratio.05125.05125.2,Intra-Protein Euclidean Distance:0.8491,
A14-07151_Ratio.14808.14808.2,Intra-Protein Euclidean Distance:0.6557,
A14-07151_Ratio.26337.26337.2,Intra-Peptide Euclidean Distance:1.8283,Intra-Protein Euclidean Distance:0.8124,
A14-07151_Ratio.13801.13801.2,Intra-Protein Euclidean Distance:0.9005,
A14-07151_Ratio.13065.13065.2,Intra-Protein Euclidean Distance:0.8033,
A14-07151_Ratio.13443.13443.2,Intra-Protein Euclidean Distance:0.8672,
A14-07151_Ratio.12697.12697.2,Intra-Protein Euclidean Distance:0.9178,
A14-07151_Ratio.16986.16986.2,Intra-Protein Euclidean Distance:0.7975,
A14-07151_Ratio.27813.27813.2,Intra-Protein Euclidean Distance:0.8965,
A14-07151_Ratio.29798.29798.2,Intra-Protein Euclidean Distance:0.7796,
A14-07151_Ratio.18741.18741.2,Intra-Protein Euclidean Distance:0.8589,
A14-07151_Ratio.18707.18707.2,Intra-Protein Euclidean Distance:0.9402,
A14-07151_Ratio.16049.16049.2,Intra-Protein Euclidean Distance:0.7266,
A14-07151_Ratio.13694.13694.3,Intra-Peptide Euclidean Distance:1.3503,Intra-Protein Euclidean Distance:1.3894,
A14-07151_Ratio.11482.11482.2,Intra-Protein Euclidean Distance:1.0959,
A14-07151_Ratio.21056.21056.2,Intra-Peptide Euclidean Distance:0.8014,
A14-07151_Ratio.20527.20527.2,Intra-Protein Euclidean Distance:0.9519,
A14-07151_Ratio.12266.12266.2,Intra-Protein Euclidean Distance:0.8487,
A14-07151_Ratio.20891.20891.2,Intra-Protein Euclidean Distance:0.7804,
A14-07151_Ratio.26416.26416.2,Intra-Protein Euclidean Distance:0.8515,
A14-07151_Ratio.27326.27326.2,Intra-Protein Euclidean Distance:0.7285,
A14-07151_Ratio.24693.24693.2,Intra-Peptide Euclidean Distance:1.4837,Intra-Protein Euclidean Distance:1.1253,
A14-07151_Ratio.22022.22022.2,Intra-Protein Euclidean Distance:0.8287,
A14-07151_Ratio.15215.15215.2,Intra-Peptide Euclidean Distance:1.6802,Intra-Protein Euclidean Distance:0.6043,
A14-07151_Ratio.10436.10436.2,Intra-Protein Euclidean Distance:1.1171,
A14-07151_Ratio.08317.08317.2,Intra-Protein Euclidean Distance:1.4625,
A14-07151_Ratio.13497.13497.2,Intra-Protein Euclidean Distance:1.1444,
A14-07151_Ratio.13241.13241.2,Intra-Protein Euclidean Distance:1.0526,
A14-07151_Ratio.17720.17720.2,Intra-Protein Euclidean Distance:1.1105,
A14-07151_Ratio.12505.12505.2,Intra-Protein Euclidean Distance:1.4967,
A14-07151_Ratio.16950.16950.2,Intra-Peptide Euclidean Distance:1.8726,
A14-07151_Ratio.14872.14872.2,Intra-Protein Euclidean Distance:1.109,
A14-07151_Ratio.13292.13292.2,Intra-Protein Euclidean Distance:1.3135,
A14-07151_Ratio.17577.17577.2,Intra-Protein Euclidean Distance:1.0686,
A14-07151_Ratio.26004.26004.2,Intra-Peptide Euclidean Distance:3.1181,Intra-Protein Euclidean Distance:3.6311,
A14-07151_Ratio.27863.27863.2,Intra-Peptide Euclidean Distance:0.8475,
A14-07151_Ratio.21352.21352.2,Intra-Peptide Euclidean Distance:1.1962,Intra-Protein Euclidean Distance:1.4622,
A14-07151_Ratio.06249.06249.2,Intra-Peptide Euclidean Distance:0.9142,
A14-07151_Ratio.07064.07064.2,Intra-Peptide Euclidean Distance:0.9224,
A14-07151_Ratio.20264.20264.2,Intra-Peptide Euclidean Distance:1.9591,Intra-Protein Euclidean Distance:3.4081,
A14-07151_Ratio.13933.13933.2,Intra-Peptide Euclidean Distance:1.8714,Intra-Protein Euclidean Distance:3.0664,
A14-07151_Ratio.13020.13020.2,Intra-Protein Euclidean Distance:1.3954,
A14-07151_Ratio.11189.11189.2,Intra-Peptide Euclidean Distance:1.2486,Intra-Protein Euclidean Distance:1.5782,
A14-07151_Ratio.08668.08668.2,Intra-Protein Euclidean Distance:0.6892,
A14-07151_Ratio.05167.05167.2,Intra-Protein Euclidean Distance:0.63,
A14-07151_Ratio.17183.17183.2,Intra-Peptide Euclidean Distance:1.7077,Intra-Protein Euclidean Distance:1.1976,
A14-07151_Ratio.06513.06513.2,Intra-Peptide Euclidean Distance:1.2022,Intra-Protein Euclidean Distance:1.1051,
A14-07151_Ratio.12988.12988.3,Intra-Peptide Euclidean Distance:2.1481,Intra-Protein Euclidean Distance:1.179,
A14-07151_Ratio.13220.13220.2,Intra-Peptide Euclidean Distance:1.177,Intra-Protein Euclidean Distance:0.8931,
A14-07151_Ratio.12712.12712.2,Intra-Peptide Euclidean Distance:0.8608,Intra-Protein Euclidean Distance:0.8762,
A14-07151_Ratio.17517.17517.2,Intra-Peptide Euclidean Distance:1.6616,Intra-Protein Euclidean Distance:1.2957,
A14-07151_Ratio.18925.18925.2,Intra-Peptide Euclidean Distance:0.8744,Intra-Protein Euclidean Distance:0.9081,
A14-07151_Ratio.19752.19752.2,Intra-Protein Euclidean Distance:0.7723,
A14-07151_Ratio.21055.21055.2,Intra-Peptide Euclidean Distance:0.8926,Intra-Protein Euclidean Distance:0.9016,
A14-07151_Ratio.19291.19291.2,Intra-Peptide Euclidean Distance:0.9379,Intra-Protein Euclidean Distance:0.9553,
A14-07151_Ratio.20660.20660.2,Intra-Peptide Euclidean Distance:0.9848,Intra-Protein Euclidean Distance:0.7101,
A14-07151_Ratio.12265.12265.3,Intra-Peptide Euclidean Distance:1.8167,Intra-Protein Euclidean Distance:1.5591,
A14-07151_Ratio.15695.15695.3,Intra-Peptide Euclidean Distance:0.9991,Intra-Protein Euclidean Distance:0.6091,
A14-07151_Ratio.24010.24010.2,Intra-Peptide Euclidean Distance:0.8709,Intra-Protein Euclidean Distance:0.9945,
A14-07151_Ratio.24361.24361.2,Intra-Peptide Euclidean Distance:1.0403,Intra-Protein Euclidean Distance:1.1959,
A14-07151_Ratio.23573.23573.2,Intra-Peptide Euclidean Distance:0.8193,Intra-Protein Euclidean Distance:0.8631,
A14-07151_Ratio.20857.20857.2,Intra-Peptide Euclidean Distance:0.9048,Intra-Protein Euclidean Distance:0.8864,
A14-07151_Ratio.22030.22030.2,Intra-Peptide Euclidean Distance:0.8203,Intra-Protein Euclidean Distance:0.9232,
A14-07151_Ratio.07355.07355.2,Intra-Peptide Euclidean Distance:0.889,Intra-Protein Euclidean Distance:1.0119,
A14-07151_Ratio.26499.26499.2,Intra-Peptide Euclidean Distance:2.9892,Intra-Protein Euclidean Distance:3.7623,
A14-07151_Ratio.23396.23396.2,Intra-Protein Euclidean Distance:0.8342,
A14-07151_Ratio.23866.23866.2,Intra-Peptide Euclidean Distance:0.8711,Intra-Protein Euclidean Distance:0.9856,
A14-07151_Ratio.22356.22356.2,Intra-Peptide Euclidean Distance:1.4085,Intra-Protein Euclidean Distance:0.9431,
A14-07151_Ratio.21671.21671.2,Intra-Peptide Euclidean Distance:1.9807,Intra-Protein Euclidean Distance:1.427,
A14-07151_Ratio.15531.15531.2,Intra-Protein Euclidean Distance:0.8954,
A14-07151_Ratio.06501.06501.2,Intra-Peptide Euclidean Distance:0.8447,
A14-07151_Ratio.19368.19368.2,Intra-Peptide Euclidean Distance:2.3601,Intra-Protein Euclidean Distance:3.1014,
A14-07151_Ratio.15671.15671.2,Intra-Protein Euclidean Distance:0.7351,
A14-07151_Ratio.16730.16730.2,Intra-Peptide Euclidean Distance:1.3457,Intra-Protein Euclidean Distance:1.9221,
A14-07151_Ratio.18360.18360.2,Intra-Peptide Euclidean Distance:1.0531,Intra-Protein Euclidean Distance:1.0588,
A14-07151_Ratio.17886.17886.2,Intra-Protein Euclidean Distance:0.9341,
A14-07151_Ratio.17068.17068.2,Intra-Peptide Euclidean Distance:1.8263,Intra-Protein Euclidean Distance:1.8261,
A14-07151_Ratio.20662.20662.2,Intra-Peptide Euclidean Distance:2.0879,Intra-Protein Euclidean Distance:3.4873,
A14-07151_Ratio.22161.22161.2,Intra-Peptide Euclidean Distance:3.4958,Intra-Protein Euclidean Distance:5.4891,
A14-07151_Ratio.20677.20677.2,Intra-Peptide Euclidean Distance:2.1937,Intra-Protein Euclidean Distance:3.6888,
A14-07151_Ratio.09787.09787.2,Intra-Peptide Euclidean Distance:1.3255,Intra-Protein Euclidean Distance:1.3477,
A14-07151_Ratio.14256.14256.2,Intra-Peptide Euclidean Distance:1.1076,Intra-Protein Euclidean Distance:1.2244,
A14-07151_Ratio.15061.15061.2,Intra-Peptide Euclidean Distance:2.5644,Intra-Protein Euclidean Distance:2.73,
A14-07151_Ratio.13273.13273.2,Intra-Peptide Euclidean Distance:1.6247,Intra-Protein Euclidean Distance:1.1499,
A14-07151_Ratio.14892.14892.2,Intra-Peptide Euclidean Distance:0.8774,Intra-Protein Euclidean Distance:1.1476,
A14-07151_Ratio.15399.15399.2,Intra-Protein Euclidean Distance:0.8269,
A14-07151_Ratio.16342.16342.2,Intra-Peptide Euclidean Distance:0.8375,Intra-Protein Euclidean Distance:1.0804,
A14-07151_Ratio.29471.29471.2,Intra-Peptide Euclidean Distance:0.8549,Intra-Protein Euclidean Distance:1.1477,
A14-07151_Ratio.15419.15419.2,Intra-Protein Euclidean Distance:1.1009,
A14-07151_Ratio.19775.19775.2,Intra-Peptide Euclidean Distance:2.3148,Intra-Protein Euclidean Distance:4.1564,
A14-07151_Ratio.27335.27335.2,Intra-Peptide Euclidean Distance:1.6657,Intra-Protein Euclidean Distance:1.0894,
A14-07151_Ratio.26523.26523.2,Intra-Peptide Euclidean Distance:0.8977,Intra-Protein Euclidean Distance:1.1662,
A14-07151_Ratio.28010.28010.2,Intra-Peptide Euclidean Distance:0.8057,Intra-Protein Euclidean Distance:1.098,
A14-07151_Ratio.26869.26869.2,Intra-Peptide Euclidean Distance:2.2981,Intra-Protein Euclidean Distance:1.7623,
A14-07151_Ratio.23484.23484.2,Intra-Peptide Euclidean Distance:1.1165,Intra-Protein Euclidean Distance:0.7421,
A14-07151_Ratio.12230.12230.2,Intra-Peptide Euclidean Distance:1.7627,Intra-Protein Euclidean Distance:2.4717,
A14-07151_Ratio.14495.14495.2,Intra-Peptide Euclidean Distance:1.7007,Intra-Protein Euclidean Distance:1.2193,
A14-07151_Ratio.15385.15385.2,Intra-Peptide Euclidean Distance:3.4294,Intra-Protein Euclidean Distance:3.0256,
A14-07151_Ratio.13719.13719.2,Intra-Peptide Euclidean Distance:1.6248,Intra-Protein Euclidean Distance:2.4255,
A14-07151_Ratio.11654.11654.2,Intra-Peptide Euclidean Distance:0.9015,Intra-Protein Euclidean Distance:0.8513,
A14-07151_Ratio.35193.35193.3,Intra-Peptide Euclidean Distance:2.2845,Intra-Protein Euclidean Distance:1.5604,
A14-07151_Ratio.12343.12343.2,Intra-Peptide Euclidean Distance:1.9316,Intra-Protein Euclidean Distance:1.9142,
A14-07151_Ratio.17440.17440.2,Intra-Peptide Euclidean Distance:2.6067,Intra-Protein Euclidean Distance:3.1005,
A14-07151_Ratio.09788.09788.2,Intra-Peptide Euclidean Distance:0.8429,Intra-Protein Euclidean Distance:0.973,
A14-07151_Ratio.11769.11769.2,Intra-Peptide Euclidean Distance:1.1923,Intra-Protein Euclidean Distance:1.3222,
A14-07151_Ratio.20192.20192.2,Intra-Peptide Euclidean Distance:3.898,Intra-Protein Euclidean Distance:4.1553,
A14-07151_Ratio.11857.11857.2,Intra-Protein Euclidean Distance:1.0929,
A14-07151_Ratio.14835.14835.2,Intra-Peptide Euclidean Distance:1.7629,Intra-Protein Euclidean Distance:1.8809,
A14-07151_Ratio.16334.16334.2,Intra-Protein Euclidean Distance:0.7462,
A14-07151_Ratio.17247.17247.2,Intra-Peptide Euclidean Distance:3.1925,Intra-Protein Euclidean Distance:3.3569,
A14-07151_Ratio.17366.17366.2,Intra-Peptide Euclidean Distance:1.6614,Intra-Protein Euclidean Distance:1.7749,
A14-07151_Ratio.14786.14786.2,Intra-Peptide Euclidean Distance:1.0477,Intra-Protein Euclidean Distance:1.1422,
A14-07151_Ratio.18434.18434.2,Intra-Protein Euclidean Distance:1.4697,
A14-07151_Ratio.13111.13111.2,Intra-Peptide Euclidean Distance:2.6789,Intra-Protein Euclidean Distance:2.7396,
A14-07151_Ratio.15585.15585.2,Intra-Peptide Euclidean Distance:0.9006,Intra-Protein Euclidean Distance:2.7486,
A14-07151_Ratio.15689.15689.2,Intra-Peptide Euclidean Distance:1.9156,Intra-Protein Euclidean Distance:1.8506,
A14-07151_Ratio.22674.22674.2,Intra-Peptide Euclidean Distance:0.8344,Intra-Protein Euclidean Distance:0.7756,
A14-07151_Ratio.12350.12350.2,Intra-Peptide Euclidean Distance:1.9795,Intra-Protein Euclidean Distance:2.1763,
A14-07151_Ratio.08810.08810.2,Intra-Peptide Euclidean Distance:1.0428,Intra-Protein Euclidean Distance:0.7019,
A14-07151_Ratio.16960.16960.2,Intra-Peptide Euclidean Distance:3.3685,Intra-Protein Euclidean Distance:4.5448,
A14-07151_Ratio.18071.18071.2,Intra-Peptide Euclidean Distance:1.7715,Intra-Protein Euclidean Distance:2.5763,
A14-07151_Ratio.11932.11932.2,Intra-Peptide Euclidean Distance:2.4837,Intra-Protein Euclidean Distance:3.136,
A14-07151_Ratio.19182.19182.2,Intra-Peptide Euclidean Distance:2.6777,Intra-Protein Euclidean Distance:3.362,
A14-07151_Ratio.22156.22156.2,Intra-Peptide Euclidean Distance:1.2558,Intra-Protein Euclidean Distance:1.7413,
A14-07151_Ratio.34242.34242.2,Intra-Peptide Euclidean Distance:2.2375,Intra-Protein Euclidean Distance:2.5358,
A14-07151_Ratio.15962.15962.2,Intra-Peptide Euclidean Distance:1.2127,
A14-07151_Ratio.40449.40449.2,Intra-Peptide Euclidean Distance:4.0892,Intra-Protein Euclidean Distance:6.8256,
A14-07151_Ratio.11144.11144.2,Intra-Peptide Euclidean Distance:1.8974,Intra-Protein Euclidean Distance:1.0335,
A14-07151_Ratio.19857.19857.2,Intra-Peptide Euclidean Distance:1.7969,Intra-Protein Euclidean Distance:1.2043,
A14-07151_Ratio.07917.07917.2,Intra-Peptide Euclidean Distance:0.8941,
A14-07151_Ratio.03204.03204.2,Average Reporter Ion Intensity:3482.4156054006376,
A14-07151_Ratio.34127.34127.2,Intra-Peptide Euclidean Distance:1.4574,Intra-Protein Euclidean Distance:2.617,
A14-07151_Ratio.16663.16663.2,Intra-Peptide Euclidean Distance:1.3408,Intra-Protein Euclidean Distance:1.7788,
A14-07151_Ratio.21978.21978.2,Intra-Peptide Euclidean Distance:3.0625,Intra-Protein Euclidean Distance:4.687,
A14-07151_Ratio.11107.11107.2,Intra-Protein Euclidean Distance:1.0534,
A14-07151_Ratio.26804.26804.2,Intra-Peptide Euclidean Distance:1.4169,Intra-Protein Euclidean Distance:2.4404,
A14-07151_Ratio.22726.22726.2,Intra-Protein Euclidean Distance:1.1617,
A14-07151_Ratio.09733.09733.2,Intra-Peptide Euclidean Distance:1.0891,Intra-Protein Euclidean Distance:1.1682,
A14-07151_Ratio.23082.23082.2,Intra-Protein Euclidean Distance:1.0956,
A14-07151_Ratio.10965.10965.2,Intra-Peptide Euclidean Distance:0.825,Intra-Protein Euclidean Distance:1.2507,
A14-07151_Ratio.09511.09511.2,Intra-Peptide Euclidean Distance:1.2196,
A14-07151_Ratio.12144.12144.2,Intra-Protein Euclidean Distance:1.2933,
A14-07151_Ratio.21836.21836.2,Intra-Protein Euclidean Distance:1.0138,
A14-07151_Ratio.14192.14192.2,Intra-Peptide Euclidean Distance:1.5479,
A14-07151_Ratio.26255.26255.2,Intra-Protein Euclidean Distance:1.3283,
A14-07151_Ratio.18773.18773.2,Intra-Peptide Euclidean Distance:4.279,Intra-Protein Euclidean Distance:4.0929,
A14-07151_Ratio.21285.21285.2,Intra-Protein Euclidean Distance:0.9287,
A14-07151_Ratio.20379.20379.2,Intra-Protein Euclidean Distance:0.6372,
A14-07151_Ratio.12912.12912.2,Intra-Peptide Euclidean Distance:1.2128,Intra-Protein Euclidean Distance:1.3781,
A14-07151_Ratio.16344.16344.2,Intra-Peptide Euclidean Distance:2.6659,Intra-Protein Euclidean Distance:2.8647,
A14-07151_Ratio.15741.15741.2,Intra-Protein Euclidean Distance:0.6776,
A14-07151_Ratio.28462.28462.3,Intra-Peptide Euclidean Distance:2.1669,Intra-Protein Euclidean Distance:4.9593,
A14-07151_Ratio.19809.19809.2,Intra-Peptide Euclidean Distance:0.9094,
A14-07151_Ratio.14400.14400.2,Intra-Protein Euclidean Distance:0.7185,
A14-07151_Ratio.19246.19246.2,Intra-Peptide Euclidean Distance:2.0858,Intra-Protein Euclidean Distance:2.2637,
A14-07151_Ratio.18290.18290.3,Intra-Peptide Euclidean Distance:1.0183,
A14-07151_Ratio.26038.26038.4,Intra-Protein Euclidean Distance:0.697,
A14-07151_Ratio.14560.14560.2,Intra-Peptide Euclidean Distance:1.0791,Intra-Protein Euclidean Distance:1.0461,
A14-07151_Ratio.16340.16340.2,Intra-Protein Euclidean Distance:0.643,
A14-07151_Ratio.19706.19706.2,Intra-Peptide Euclidean Distance:2.6598,Intra-Protein Euclidean Distance:2.914,
A14-07151_Ratio.09808.09808.2,Intra-Peptide Euclidean Distance:1.2145,Intra-Protein Euclidean Distance:1.2426,
A14-07151_Ratio.19737.19737.2,Intra-Peptide Euclidean Distance:2.2706,Intra-Protein Euclidean Distance:2.3073,
A14-07151_Ratio.25296.25296.2,Intra-Peptide Euclidean Distance:3.4587,Intra-Protein Euclidean Distance:3.9139,
A14-07151_Ratio.08737.08737.2,Intra-Peptide Euclidean Distance:1.0465,Intra-Protein Euclidean Distance:1.3001,
A14-07151_Ratio.21844.21844.3,Intra-Protein Euclidean Distance:0.6273,
A14-07151_Ratio.05690.05690.2,Intra-Protein Euclidean Distance:1.0945,
A14-07151_Ratio.07477.07477.2,Intra-Protein Euclidean Distance:0.97,
A14-07151_Ratio.07070.07070.2,Intra-Protein Euclidean Distance:0.9026,
A14-07151_Ratio.09156.09156.2,Intra-Protein Euclidean Distance:0.8865,
A14-07151_Ratio.15558.15558.2,Intra-Protein Euclidean Distance:0.8271,
A14-07151_Ratio.24153.24153.2,Intra-Peptide Euclidean Distance:1.5735,Intra-Protein Euclidean Distance:1.2491,
A14-07151_Ratio.05089.05089.2,Intra-Protein Euclidean Distance:1.2902,
A14-07151_Ratio.08359.08359.2,Intra-Protein Euclidean Distance:1.0977,
A14-07151_Ratio.08673.08673.2,Intra-Protein Euclidean Distance:1.1848,
A14-07151_Ratio.10861.10861.2,Intra-Protein Euclidean Distance:0.9988,
A14-07151_Ratio.19337.19337.2,Intra-Protein Euclidean Distance:0.6369,
A14-07151_Ratio.04852.04852.2,Intra-Protein Euclidean Distance:0.6177,
A14-07151_Ratio.21549.21549.2,Intra-Peptide Euclidean Distance:1.4547,
A14-07151_Ratio.18499.18499.2,Intra-Peptide Euclidean Distance:2.5303,Intra-Protein Euclidean Distance:1.9145,
A14-07151_Ratio.11389.11389.2,Intra-Protein Euclidean Distance:1.1031,
A14-07151_Ratio.26257.26257.2,Intra-Protein Euclidean Distance:0.9434,
A14-07151_Ratio.23292.23292.2,Intra-Peptide Euclidean Distance:0.8594,Intra-Protein Euclidean Distance:1.1993,
A14-07151_Ratio.24329.24329.2,Intra-Protein Euclidean Distance:0.9853,
A14-07151_Ratio.26658.26658.2,Intra-Peptide Euclidean Distance:2.2214,Intra-Protein Euclidean Distance:1.3525,
A14-07151_Ratio.16232.16232.2,Intra-Peptide Euclidean Distance:0.8187,Intra-Protein Euclidean Distance:1.0334,
A14-07151_Ratio.17941.17941.2,Intra-Protein Euclidean Distance:1.0856,
A14-07151_Ratio.18962.18962.2,Intra-Peptide Euclidean Distance:0.8087,
A14-07151_Ratio.09632.09632.2,Intra-Peptide Euclidean Distance:2.5203,Intra-Protein Euclidean Distance:1.4088,
A14-07151_Ratio.09215.09215.2,Intra-Peptide Euclidean Distance:1.7358,Intra-Protein Euclidean Distance:1.6258,
A14-07151_Ratio.15018.15018.2,Intra-Peptide Euclidean Distance:1.1536,Intra-Protein Euclidean Distance:1.6543,
A14-07151_Ratio.17497.17497.2,Intra-Protein Euclidean Distance:1.1617,
A14-07151_Ratio.19213.19213.2,Intra-Peptide Euclidean Distance:1.5742,Intra-Protein Euclidean Distance:2.0517,
A14-07151_Ratio.03851.03851.2,Average Reporter Ion Intensity:6313.3773294588345,Intra-Peptide Euclidean Distance:0.9959,Intra-Protein Euclidean Distance:0.7334,
A14-07151_Ratio.12317.12317.2,Intra-Peptide Euclidean Distance:1.6391,Intra-Protein Euclidean Distance:2.0353,
A14-07151_Ratio.20318.20318.2,Intra-Peptide Euclidean Distance:2.2239,Intra-Protein Euclidean Distance:2.2861,
A14-07151_Ratio.13597.13597.2,Intra-Peptide Euclidean Distance:2.7749,Intra-Protein Euclidean Distance:2.615,
A14-07151_Ratio.12814.12814.2,Intra-Protein Euclidean Distance:1.0156,
A14-07151_Ratio.20159.20159.2,Intra-Peptide Euclidean Distance:1.1053,Intra-Protein Euclidean Distance:1.3537,
A14-07151_Ratio.18084.18084.2,Intra-Peptide Euclidean Distance:2.098,Intra-Protein Euclidean Distance:2.4463,
A14-07151_Ratio.14129.14129.2,Intra-Peptide Euclidean Distance:1.149,Intra-Protein Euclidean Distance:1.4327,
A14-07151_Ratio.21105.21105.2,Intra-Protein Euclidean Distance:1.2246,
A14-07151_Ratio.08085.08085.2,Intra-Protein Euclidean Distance:0.6365,
A14-07151_Ratio.10562.10562.2,Intra-Peptide Euclidean Distance:0.9026,Intra-Protein Euclidean Distance:1.1549,
A14-07151_Ratio.10018.10018.2,Intra-Peptide Euclidean Distance:0.852,Intra-Protein Euclidean Distance:1.1243,
A14-07151_Ratio.23213.23213.2,Intra-Peptide Euclidean Distance:0.8898,Intra-Protein Euclidean Distance:1.3078,
A14-07151_Ratio.03668.03668.3,Average Reporter Ion Intensity:5911.61908601693,Intra-Peptide Euclidean Distance:1.4691,Intra-Protein Euclidean Distance:1.3082,
A14-07151_Ratio.02946.02946.2,Average Reporter Ion Intensity:3670.634986720172,
A14-07151_Ratio.08921.08921.2,Intra-Peptide Euclidean Distance:1.0123,Intra-Protein Euclidean Distance:0.8481,
A14-07151_Ratio.25439.25439.2,Intra-Peptide Euclidean Distance:1.6333,Intra-Protein Euclidean Distance:1.3609,
A14-07151_Ratio.24784.24784.2,Intra-Peptide Euclidean Distance:1.0566,Intra-Protein Euclidean Distance:0.8634,
A14-07151_Ratio.12224.12224.2,Intra-Peptide Euclidean Distance:1.12,Intra-Protein Euclidean Distance:1.0924,
A14-07151_Ratio.23361.23361.2,Intra-Peptide Euclidean Distance:1.507,Intra-Protein Euclidean Distance:1.4393,
A14-07151_Ratio.11378.11378.2,Intra-Protein Euclidean Distance:0.7176,
A14-07151_Ratio.11746.11746.2,Intra-Protein Euclidean Distance:0.9648,
A14-07151_Ratio.16474.16474.2,Intra-Peptide Euclidean Distance:0.9784,
A14-07151_Ratio.16595.16595.2,Intra-Peptide Euclidean Distance:1.3508,Intra-Protein Euclidean Distance:1.4095,
A14-07151_Ratio.10627.10627.2,Intra-Peptide Euclidean Distance:0.8156,
A14-07151_Ratio.27728.27728.2,Intra-Peptide Euclidean Distance:1.5604,Intra-Protein Euclidean Distance:2.8704,
A14-07151_Ratio.24047.24047.3,Intra-Peptide Euclidean Distance:0.8335,Intra-Protein Euclidean Distance:0.7245,
A14-07151_Ratio.04542.04542.2,Intra-Protein Euclidean Distance:1.2995,
A14-07151_Ratio.10485.10485.2,Intra-Protein Euclidean Distance:1.2142,
A14-07151_Ratio.03419.03419.3,Average Reporter Ion Intensity:2677.210216047255,
A14-07151_Ratio.06272.06272.2,Intra-Peptide Euclidean Distance:0.8521,
A14-07151_Ratio.13785.13785.2,Intra-Protein Euclidean Distance:1.438,
A14-07151_Ratio.14231.14231.2,Intra-Protein Euclidean Distance:1.1325,
A14-07151_Ratio.26775.26775.2,Intra-Protein Euclidean Distance:1.12,
A14-07151_Ratio.26995.26995.2,Intra-Protein Euclidean Distance:1.2407,
A14-07151_Ratio.16793.16793.2,Intra-Peptide Euclidean Distance:2.0104,Intra-Protein Euclidean Distance:2.753,
A14-07151_Ratio.14796.14796.2,Intra-Protein Euclidean Distance:0.8174,
A14-07151_Ratio.18432.18432.2,Intra-Peptide Euclidean Distance:3.2765,Intra-Protein Euclidean Distance:3.8548,
A14-07151_Ratio.21163.21163.2,Intra-Protein Euclidean Distance:1.1266,
A14-07151_Ratio.12625.12625.2,Intra-Peptide Euclidean Distance:1.8303,Intra-Protein Euclidean Distance:2.0555,
A14-07151_Ratio.05355.05355.2,Intra-Protein Euclidean Distance:0.6465,
A14-07151_Ratio.13302.13302.2,Intra-Protein Euclidean Distance:0.6193,
A14-07151_Ratio.16739.16739.2,Intra-Peptide Euclidean Distance:3.5597,Intra-Protein Euclidean Distance:4.1946,
A14-07151_Ratio.12804.12804.3,Intra-Peptide Euclidean Distance:1.0063,
A14-07151_Ratio.25863.25863.2,Average Reporter Ion Intensity:9861.373093237607,
A14-07151_Ratio.22208.22208.3,Intra-Protein Euclidean Distance:0.8533,
A14-07151_Ratio.29521.29521.2,Intra-Peptide Euclidean Distance:2.1652,Intra-Protein Euclidean Distance:3.7347,
A14-07151_Ratio.34171.34171.3,Intra-Peptide Euclidean Distance:3.0963,Intra-Protein Euclidean Distance:3.5868,
A14-07151_Ratio.04445.04445.2,Intra-Peptide Euclidean Distance:1.8534,Intra-Protein Euclidean Distance:1.1963,
A14-07151_Ratio.15749.15749.2,Intra-Peptide Euclidean Distance:0.8817,Intra-Protein Euclidean Distance:0.9272,
A14-07151_Ratio.17773.17773.2,Intra-Peptide Euclidean Distance:2.2646,Intra-Protein Euclidean Distance:0.9438,
A14-07151_Ratio.23116.23116.2,Intra-Peptide Euclidean Distance:2.9267,Intra-Protein Euclidean Distance:3.9468,
A14-07151_Ratio.22264.22264.2,Intra-Peptide Euclidean Distance:1.6953,Intra-Protein Euclidean Distance:1.2287,
A14-07151_Ratio.29836.29836.3,Intra-Peptide Euclidean Distance:2.4023,Intra-Protein Euclidean Distance:4.9748,
A14-07151_Ratio.30901.30901.2,Intra-Peptide Euclidean Distance:1.5382,Intra-Protein Euclidean Distance:1.879,
A14-07151_Ratio.11224.11224.2,Intra-Peptide Euclidean Distance:0.8383,Intra-Protein Euclidean Distance:0.6888,
A14-07151_Ratio.22768.22768.2,Intra-Peptide Euclidean Distance:1.9977,Intra-Protein Euclidean Distance:2.354,
A14-07151_Ratio.18566.18566.2,Intra-Protein Euclidean Distance:0.6106,
A14-07151_Ratio.26603.26603.2,Intra-Protein Euclidean Distance:0.6182,
A14-07151_Ratio.15404.15404.3,Intra-Peptide Euclidean Distance:1.0601,Intra-Protein Euclidean Distance:0.8754,
A14-07151_Ratio.10721.10721.3,Intra-Peptide Euclidean Distance:1.1607,Intra-Protein Euclidean Distance:0.9094,
A14-07151_Ratio.36512.36512.3,Intra-Peptide Euclidean Distance:2.3002,Intra-Protein Euclidean Distance:3.6985,
A14-07151_Ratio.09676.09676.2,Intra-Protein Euclidean Distance:1.0992,
A14-07151_Ratio.17501.17501.2,Intra-Protein Euclidean Distance:0.9473,
A14-07151_Ratio.20104.20104.2,Intra-Protein Euclidean Distance:0.8131,
A14-07151_Ratio.21407.21407.2,Intra-Protein Euclidean Distance:0.9693,
A14-07151_Ratio.09363.09363.2,Intra-Protein Euclidean Distance:0.7989,
A14-07151_Ratio.09397.09397.2,Intra-Protein Euclidean Distance:0.93,
A14-07151_Ratio.21495.21495.2,Intra-Peptide Euclidean Distance:2.3485,Intra-Protein Euclidean Distance:0.7123,
A14-07151_Ratio.20578.20578.2,Intra-Protein Euclidean Distance:0.987,
A14-07151_Ratio.22165.22165.2,Intra-Protein Euclidean Distance:0.8176,
A14-07151_Ratio.30527.30527.2,Intra-Protein Euclidean Distance:0.9526,
A14-07151_Ratio.36850.36850.3,Intra-Protein Euclidean Distance:0.6335,
A14-07151_Ratio.11601.11601.2,Intra-Protein Euclidean Distance:0.696,
A14-07151_Ratio.18271.18271.2,Intra-Peptide Euclidean Distance:1.667,Intra-Protein Euclidean Distance:1.8519,
A14-07151_Ratio.18263.18263.2,Intra-Peptide Euclidean Distance:1.5065,Intra-Protein Euclidean Distance:1.627,
A14-07151_Ratio.14673.14673.2,Intra-Protein Euclidean Distance:0.6219,
A14-07151_Ratio.11942.11942.2,Intra-Peptide Euclidean Distance:2.6421,Intra-Protein Euclidean Distance:3.3,
A14-07151_Ratio.14468.14468.2,Intra-Peptide Euclidean Distance:0.9555,Intra-Protein Euclidean Distance:0.9758,
A14-07151_Ratio.24395.24395.2,Intra-Peptide Euclidean Distance:0.8725,Intra-Protein Euclidean Distance:0.8541,
A14-07151_Ratio.14214.14214.2,Intra-Peptide Euclidean Distance:1.3458,Intra-Protein Euclidean Distance:1.5371,
A14-07151_Ratio.25840.25840.2,Intra-Peptide Euclidean Distance:2.2628,Intra-Protein Euclidean Distance:3.1647,
A14-07151_Ratio.20535.20535.2,Intra-Peptide Euclidean Distance:1.2088,
A14-07151_Ratio.25027.25027.2,Intra-Peptide Euclidean Distance:0.8748,Intra-Protein Euclidean Distance:0.8009,
A14-07151_Ratio.14818.14818.2,Intra-Protein Euclidean Distance:0.9321,
A14-07151_Ratio.11999.11999.2,Intra-Peptide Euclidean Distance:2.0576,Intra-Protein Euclidean Distance:2.8179,
A14-07151_Ratio.13853.13853.2,Intra-Protein Euclidean Distance:1.0786,
A14-07151_Ratio.20678.20678.2,Intra-Peptide Euclidean Distance:1.5731,
A14-07151_Ratio.16760.16760.2,Intra-Protein Euclidean Distance:0.6103,
A14-07151_Ratio.13912.13912.2,Intra-Peptide Euclidean Distance:1.0921,Intra-Protein Euclidean Distance:1.0788,
A14-07151_Ratio.12584.12584.2,Intra-Peptide Euclidean Distance:0.8659,Intra-Protein Euclidean Distance:1.0426,
A14-07151_Ratio.17156.17156.2,Intra-Peptide Euclidean Distance:2.5926,Intra-Protein Euclidean Distance:2.8605,
A14-07151_Ratio.03831.03831.2,Average Reporter Ion Intensity:7507.217876809063,
A14-07151_Ratio.17622.17622.2,Intra-Peptide Euclidean Distance:1.0176,Intra-Protein Euclidean Distance:0.97,
A14-07151_Ratio.15212.15212.2,Intra-Protein Euclidean Distance:0.6948,
A14-07151_Ratio.15203.15203.2,Intra-Protein Euclidean Distance:0.6659,
A14-07151_Ratio.14690.14690.2,Intra-Peptide Euclidean Distance:2.7511,Intra-Protein Euclidean Distance:2.8755,
A14-07151_Ratio.15630.15630.2,Intra-Peptide Euclidean Distance:1.8121,Intra-Protein Euclidean Distance:1.4024,
A14-07151_Ratio.20321.20321.2,Intra-Protein Euclidean Distance:0.6293,
A14-07151_Ratio.23660.23660.2,Intra-Peptide Euclidean Distance:1.0201,Intra-Protein Euclidean Distance:1.3755,
A14-07151_Ratio.12151.12151.2,Intra-Protein Euclidean Distance:0.6369,
A14-07151_Ratio.22007.22007.2,Intra-Peptide Euclidean Distance:0.9783,Intra-Protein Euclidean Distance:0.9128,
A14-07151_Ratio.22531.22531.2,Intra-Protein Euclidean Distance:0.6371,
A14-07151_Ratio.23178.23178.2,Intra-Peptide Euclidean Distance:1.7439,Intra-Protein Euclidean Distance:2.7653,
A14-07151_Ratio.21952.21952.2,Intra-Peptide Euclidean Distance:4.186,Intra-Protein Euclidean Distance:4.1953,
A14-07151_Ratio.07487.07487.2,Intra-Peptide Euclidean Distance:1.4016,
A14-07151_Ratio.14484.14484.2,Intra-Peptide Euclidean Distance:3.138,Intra-Protein Euclidean Distance:4.0785,
A14-07151_Ratio.11174.11174.2,Intra-Peptide Euclidean Distance:2.5341,Intra-Protein Euclidean Distance:2.6646,
A14-07151_Ratio.29646.29646.4,Intra-Protein Euclidean Distance:0.7348,
A14-07151_Ratio.17194.17194.2,Intra-Peptide Euclidean Distance:1.4412,Intra-Protein Euclidean Distance:2.8706,
A14-07151_Ratio.27353.27353.2,Intra-Protein Euclidean Distance:0.784,
A14-07151_Ratio.27494.27494.2,Intra-Protein Euclidean Distance:0.6998,
A14-07151_Ratio.12904.12904.2,Intra-Peptide Euclidean Distance:1.1142,
A14-07151_Ratio.20743.20743.2,Intra-Peptide Euclidean Distance:1.4754,Intra-Protein Euclidean Distance:1.2683,
A14-07151_Ratio.19467.19467.2,Intra-Peptide Euclidean Distance:0.9846,
A14-07151_Ratio.12096.12096.2,Intra-Peptide Euclidean Distance:1.6836,Intra-Protein Euclidean Distance:1.6439,
A14-07151_Ratio.22359.22359.2,Intra-Protein Euclidean Distance:0.7869,
A14-07151_Ratio.22346.22346.2,Intra-Protein Euclidean Distance:0.8157,
A14-07151_Ratio.12362.12362.2,Intra-Peptide Euclidean Distance:1.2552,Intra-Protein Euclidean Distance:1.6182,
A14-07151_Ratio.22949.22949.2,Intra-Protein Euclidean Distance:0.6457,
A14-07151_Ratio.26531.26531.2,Intra-Peptide Euclidean Distance:1.4109,Intra-Protein Euclidean Distance:1.8878,
A14-07151_Ratio.26050.26050.2,Intra-Peptide Euclidean Distance:1.0605,Intra-Protein Euclidean Distance:1.6366,
A14-07151_Ratio.15528.15528.2,Intra-Peptide Euclidean Distance:1.9086,Intra-Protein Euclidean Distance:2.3492,
A14-07151_Ratio.16519.16519.2,Intra-Peptide Euclidean Distance:3.0701,Intra-Protein Euclidean Distance:3.6561,
A14-07151_Ratio.09252.09252.2,Intra-Peptide Euclidean Distance:1.3082,Intra-Protein Euclidean Distance:1.0993,
A14-07151_Ratio.10814.10814.2,Intra-Peptide Euclidean Distance:1.2826,Intra-Protein Euclidean Distance:1.0564,
A14-07151_Ratio.22313.22313.2,Intra-Protein Euclidean Distance:0.7918,
A14-07151_Ratio.05788.05788.2,Intra-Protein Euclidean Distance:1.269,
A14-07151_Ratio.09655.09655.2,Intra-Peptide Euclidean Distance:0.8484,Intra-Protein Euclidean Distance:0.7786,
A14-07151_Ratio.31098.31098.2,Intra-Peptide Euclidean Distance:3.8819,Intra-Protein Euclidean Distance:3.6631,
A14-07151_Ratio.05998.05998.2,Intra-Peptide Euclidean Distance:0.9226,
A14-07151_Ratio.18617.18617.3,Intra-Peptide Euclidean Distance:1.0512,Intra-Protein Euclidean Distance:1.2229,
A14-07151_Ratio.04581.04581.2,Average Reporter Ion Intensity:9783.187987349083,
A14-07151_Ratio.07021.07021.2,Intra-Peptide Euclidean Distance:1.2197,Intra-Protein Euclidean Distance:1.8787,
A14-07151_Ratio.07731.07731.2,Intra-Protein Euclidean Distance:1.111,
A14-07151_Ratio.05466.05466.2,Intra-Peptide Euclidean Distance:0.8491,
A14-07151_Ratio.08754.08754.2,Intra-Protein Euclidean Distance:1.413,
A14-07151_Ratio.24005.24005.2,Intra-Peptide Euclidean Distance:0.8008,
A14-07151_Ratio.11558.11558.2,Intra-Protein Euclidean Distance:1.0046,
A14-07151_Ratio.11342.11342.2,Intra-Protein Euclidean Distance:0.6035,
A14-07151_Ratio.22348.22348.2,Intra-Peptide Euclidean Distance:2.546,Intra-Protein Euclidean Distance:4.0645,
A14-07151_Ratio.10438.10438.2,Intra-Peptide Euclidean Distance:0.9302,Intra-Protein Euclidean Distance:1.6111,
A14-07151_Ratio.07820.07820.3,Intra-Peptide Euclidean Distance:0.992,Intra-Protein Euclidean Distance:1.5615,
A14-07151_Ratio.21970.21970.2,Intra-Peptide Euclidean Distance:0.8755,Intra-Protein Euclidean Distance:1.8747,
A14-07151_Ratio.16221.16221.2,Intra-Peptide Euclidean Distance:2.4728,Intra-Protein Euclidean Distance:2.8988,
A14-07151_Ratio.12848.12848.2,Intra-Peptide Euclidean Distance:1.6963,Intra-Protein Euclidean Distance:2.952,
A14-07151_Ratio.19790.19790.2,Intra-Peptide Euclidean Distance:2.3265,Intra-Protein Euclidean Distance:2.7768,
A14-07151_Ratio.17350.17350.2,Intra-Peptide Euclidean Distance:0.8401,
A14-07151_Ratio.17357.17357.2,Intra-Peptide Euclidean Distance:0.9181,
A14-07151_Ratio.30404.30404.2,Intra-Peptide Euclidean Distance:0.9255,Intra-Protein Euclidean Distance:0.8078,
A14-07151_Ratio.23635.23635.2,Intra-Peptide Euclidean Distance:1.2432,Intra-Protein Euclidean Distance:1.4077,
A14-07151_Ratio.20654.20654.2,Intra-Peptide Euclidean Distance:1.9755,Intra-Protein Euclidean Distance:3.0655,
A14-07151_Ratio.31204.31204.3,Intra-Peptide Euclidean Distance:1.2673,Intra-Protein Euclidean Distance:1.4308,
A14-07151_Ratio.32705.32705.3,Intra-Peptide Euclidean Distance:1.2633,Intra-Protein Euclidean Distance:1.6599,
A14-07151_Ratio.28817.28817.2,Intra-Peptide Euclidean Distance:0.8832,
A14-07151_Ratio.14011.14011.4,Intra-Peptide Euclidean Distance:1.9229,Intra-Protein Euclidean Distance:1.4112,
A14-07151_Ratio.14714.14714.2,Intra-Peptide Euclidean Distance:1.9393,Intra-Protein Euclidean Distance:2.7754,
A14-07151_Ratio.23385.23385.2,Intra-Peptide Euclidean Distance:1.592,Intra-Protein Euclidean Distance:2.405,
A14-07151_Ratio.26000.26000.2,Intra-Peptide Euclidean Distance:2.2312,Intra-Protein Euclidean Distance:3.218,
A14-07151_Ratio.02418.02418.2,Average Reporter Ion Intensity:1205.1971705156614,Intra-Peptide Euclidean Distance:1.0275,Intra-Protein Euclidean Distance:1.0356,
A14-07151_Ratio.11132.11132.2,Intra-Peptide Euclidean Distance:1.1064,Intra-Protein Euclidean Distance:0.9767,
A14-07151_Ratio.12361.12361.2,Intra-Peptide Euclidean Distance:0.9128,Intra-Protein Euclidean Distance:0.769,
A14-07151_Ratio.11821.11821.2,Intra-Peptide Euclidean Distance:2.6072,Intra-Protein Euclidean Distance:2.103,
A14-07151_Ratio.05360.05360.2,Intra-Peptide Euclidean Distance:1.1075,Intra-Protein Euclidean Distance:1.2823,
A14-07151_Ratio.28532.28532.3,Intra-Peptide Euclidean Distance:1.4844,Intra-Protein Euclidean Distance:1.3167,
A14-07151_Ratio.14527.14527.3,Intra-Peptide Euclidean Distance:2.9403,Intra-Protein Euclidean Distance:1.8383,
A14-07151_Ratio.35438.35438.2,Intra-Protein Euclidean Distance:0.7431,
A14-07151_Ratio.17642.17642.2,Intra-Peptide Euclidean Distance:1.0501,
A14-07151_Ratio.19701.19701.2,Intra-Protein Euclidean Distance:0.8059,
A14-07151_Ratio.16630.16630.2,Intra-Protein Euclidean Distance:0.9796,
A14-07151_Ratio.19657.19657.2,Intra-Protein Euclidean Distance:0.8482,
A14-07151_Ratio.29120.29120.2,Intra-Protein Euclidean Distance:0.86,
A14-07151_Ratio.28161.28161.2,Intra-Peptide Euclidean Distance:2.304,Intra-Protein Euclidean Distance:0.8807,
A14-07151_Ratio.27023.27023.2,Intra-Protein Euclidean Distance:0.837,
A14-07151_Ratio.28418.28418.2,Intra-Protein Euclidean Distance:1.0012,
A14-07151_Ratio.27364.27364.2,Intra-Protein Euclidean Distance:1.1134,
A14-07151_Ratio.25627.25627.2,Intra-Protein Euclidean Distance:0.8106,
A14-07151_Ratio.34937.34937.2,Intra-Protein Euclidean Distance:0.9165,
A14-07151_Ratio.31880.31880.3,Average Reporter Ion Intensity:9048.051528557711,Intra-Peptide Euclidean Distance:0.897,Intra-Protein Euclidean Distance:0.8412,
A14-07151_Ratio.17270.17270.2,Intra-Peptide Euclidean Distance:0.8819,Intra-Protein Euclidean Distance:1.198,
A14-07151_Ratio.29641.29641.2,Intra-Peptide Euclidean Distance:1.4009,Intra-Protein Euclidean Distance:1.7939,
A14-07151_Ratio.15088.15088.2,Intra-Protein Euclidean Distance:0.8821,
A14-07151_Ratio.12910.12910.2,Intra-Protein Euclidean Distance:0.9574,
A14-07151_Ratio.13958.13958.2,Intra-Peptide Euclidean Distance:2.2852,Intra-Protein Euclidean Distance:2.3263,
A14-07151_Ratio.06742.06742.2,Intra-Protein Euclidean Distance:1.0474,
A14-07151_Ratio.03907.03907.2,Average Reporter Ion Intensity:6304.166922075696,Intra-Protein Euclidean Distance:1.065,
A14-07151_Ratio.08268.08268.2,Intra-Protein Euclidean Distance:1.0033,
A14-07151_Ratio.13631.13631.2,Intra-Peptide Euclidean Distance:2.3873,Intra-Protein Euclidean Distance:0.9729,
A14-07151_Ratio.17675.17675.2,Intra-Peptide Euclidean Distance:1.5124,
A14-07151_Ratio.11429.11429.2,Intra-Protein Euclidean Distance:1.2433,
A14-07151_Ratio.24367.24367.2,Intra-Peptide Euclidean Distance:1.2732,Intra-Protein Euclidean Distance:0.6178,
A14-07151_Ratio.24726.24726.2,Intra-Protein Euclidean Distance:1.0356,
A14-07151_Ratio.15783.15783.2,Intra-Protein Euclidean Distance:0.9365,
A14-07151_Ratio.18615.18615.2,Intra-Protein Euclidean Distance:0.9535,
A14-07151_Ratio.20583.20583.2,Intra-Protein Euclidean Distance:0.9548,
A14-07151_Ratio.24981.24981.2,Intra-Protein Euclidean Distance:0.783,
A14-07151_Ratio.36411.36411.2,Intra-Peptide Euclidean Distance:1.493,Intra-Protein Euclidean Distance:2.3959,
A14-07151_Ratio.31735.31735.2,Intra-Protein Euclidean Distance:0.964,
A14-07151_Ratio.30275.30275.3,Intra-Peptide Euclidean Distance:1.6103,Intra-Protein Euclidean Distance:1.3791,
A14-07151_Ratio.06330.06330.2,Intra-Peptide Euclidean Distance:2.1816,Intra-Protein Euclidean Distance:3.8398,
A14-07151_Ratio.21620.21620.2,Intra-Peptide Euclidean Distance:2.3896,Intra-Protein Euclidean Distance:2.8514,
A14-07151_Ratio.38447.38447.3,Average Reporter Ion Intensity:8712.228808939284,
A14-07151_Ratio.05643.05643.2,Intra-Peptide Euclidean Distance:0.8745,Intra-Protein Euclidean Distance:1.0724,
A14-07151_Ratio.11537.11537.2,Intra-Peptide Euclidean Distance:0.9041,Intra-Protein Euclidean Distance:1.0953,
A14-07151_Ratio.25346.25346.2,Intra-Peptide Euclidean Distance:0.8931,Intra-Protein Euclidean Distance:0.98,
A14-07151_Ratio.06447.06447.2,Intra-Peptide Euclidean Distance:1.6752,Intra-Protein Euclidean Distance:1.3993,
A14-07151_Ratio.13454.13454.2,Intra-Peptide Euclidean Distance:0.8035,Intra-Protein Euclidean Distance:1.3412,
A14-07151_Ratio.20622.20622.2,Intra-Peptide Euclidean Distance:1.6084,Intra-Protein Euclidean Distance:0.7444,
A14-07151_Ratio.29654.29654.2,Intra-Peptide Euclidean Distance:0.808,Intra-Protein Euclidean Distance:0.7577,
A14-07151_Ratio.12681.12681.2,Intra-Peptide Euclidean Distance:0.8562,Intra-Protein Euclidean Distance:0.729,
A14-07151_Ratio.30072.30072.4,Intra-Peptide Euclidean Distance:1.2542,Intra-Protein Euclidean Distance:0.6691,
A14-07151_Ratio.30114.30114.2,Intra-Protein Euclidean Distance:1.1691,
A14-07151_Ratio.30020.30020.4,Intra-Peptide Euclidean Distance:0.8008,Intra-Protein Euclidean Distance:0.9825,
A14-07151_Ratio.18518.18518.2,Intra-Protein Euclidean Distance:1.3188,
A14-07151_Ratio.21427.21427.2,Intra-Peptide Euclidean Distance:0.8956,Intra-Protein Euclidean Distance:1.0523,
A14-07151_Ratio.16599.16599.2,Intra-Protein Euclidean Distance:1.1387,
A14-07151_Ratio.37445.37445.2,Intra-Peptide Euclidean Distance:0.9219,Intra-Protein Euclidean Distance:0.9993,
A14-07151_Ratio.19284.19284.2,Intra-Protein Euclidean Distance:0.8829,
A14-07151_Ratio.18212.18212.2,Intra-Peptide Euclidean Distance:1.8441,Intra-Protein Euclidean Distance:3.0737,
A14-07151_Ratio.21950.21950.2,Intra-Protein Euclidean Distance:1.7162,
A14-07151_Ratio.20735.20735.2,Intra-Peptide Euclidean Distance:1.1507,
A14-07151_Ratio.23317.23317.2,Intra-Peptide Euclidean Distance:1.4668,Intra-Protein Euclidean Distance:1.6237,
A14-07151_Ratio.40494.40494.3,Intra-Peptide Euclidean Distance:1.7041,Intra-Protein Euclidean Distance:0.9433,
A14-07151_Ratio.17534.17534.2,Intra-Peptide Euclidean Distance:0.8088,Intra-Protein Euclidean Distance:0.6526,
A14-07151_Ratio.14224.14224.3,Intra-Peptide Euclidean Distance:1.0496,
A14-07151_Ratio.17565.17565.4,Intra-Peptide Euclidean Distance:1.0511,
A14-07151_Ratio.21944.21944.2,Intra-Peptide Euclidean Distance:1.0226,Intra-Protein Euclidean Distance:2.6723,
A14-07151_Ratio.15574.15574.2,Intra-Peptide Euclidean Distance:2.1015,Intra-Protein Euclidean Distance:2.1458,
A14-07151_Ratio.12701.12701.2,Intra-Peptide Euclidean Distance:0.8796,Intra-Protein Euclidean Distance:0.7078,
A14-07151_Ratio.28158.28158.2,Intra-Peptide Euclidean Distance:1.3452,Intra-Protein Euclidean Distance:0.9619,
A14-07151_Ratio.13907.13907.2,Intra-Peptide Euclidean Distance:1.1891,Intra-Protein Euclidean Distance:1.6191,
A14-07151_Ratio.18753.18753.2,Intra-Protein Euclidean Distance:0.7547,
A14-07151_Ratio.30834.30834.2,Intra-Peptide Euclidean Distance:2.3637,Intra-Protein Euclidean Distance:3.4153,
A14-07151_Ratio.17477.17477.3,Intra-Protein Euclidean Distance:1.217,
A14-07151_Ratio.27981.27981.2,Intra-Peptide Euclidean Distance:0.883,Intra-Protein Euclidean Distance:1.1664,
A14-07151_Ratio.22360.22360.3,Intra-Peptide Euclidean Distance:1.529,Intra-Protein Euclidean Distance:1.9464,
A14-07151_Ratio.23858.23858.3,Intra-Peptide Euclidean Distance:0.8239,
A14-07151_Ratio.22630.22630.2,Intra-Protein Euclidean Distance:1.0007,
A14-07151_Ratio.23439.23439.2,Intra-Peptide Euclidean Distance:1.7011,Intra-Protein Euclidean Distance:2.45,
A14-07151_Ratio.19142.19142.2,Intra-Peptide Euclidean Distance:1.7693,Intra-Protein Euclidean Distance:1.9369,
A14-07151_Ratio.16552.16552.2,Intra-Peptide Euclidean Distance:1.2954,Intra-Protein Euclidean Distance:1.015,
A14-07151_Ratio.12207.12207.2,Intra-Protein Euclidean Distance:0.8092,
A14-07151_Ratio.14191.14191.2,Intra-Protein Euclidean Distance:0.7232,
A14-07151_Ratio.24714.24714.2,Intra-Protein Euclidean Distance:0.738,
A14-07151_Ratio.19853.19853.2,Intra-Peptide Euclidean Distance:0.8408,
A14-07151_Ratio.30986.30986.2,Intra-Peptide Euclidean Distance:2.8836,Intra-Protein Euclidean Distance:4.221,
A14-07151_Ratio.10504.10504.2,Intra-Peptide Euclidean Distance:2.3932,Intra-Protein Euclidean Distance:2.925,
A14-07151_Ratio.39563.39563.2,Intra-Peptide Euclidean Distance:1.611,Intra-Protein Euclidean Distance:1.7411,
A14-07151_Ratio.17300.17300.2,Intra-Protein Euclidean Distance:0.6087,
A14-07151_Ratio.24581.24581.2,Intra-Peptide Euclidean Distance:1.8479,Intra-Protein Euclidean Distance:1.0242,
A14-07151_Ratio.14435.14435.2,Intra-Peptide Euclidean Distance:1.6352,Intra-Protein Euclidean Distance:1.2472,
A14-07151_Ratio.42937.42937.3,Average Reporter Ion Intensity:1198.170471633445,Intra-Protein Euclidean Distance:0.9286,
A14-07151_Ratio.13983.13983.2,Intra-Protein Euclidean Distance:1.0694,
A14-07151_Ratio.21035.21035.2,Intra-Protein Euclidean Distance:1.0146,
A14-07151_Ratio.17338.17338.2,Intra-Peptide Euclidean Distance:1.3027,Intra-Protein Euclidean Distance:1.3526,
A14-07151_Ratio.19669.19669.2,Intra-Peptide Euclidean Distance:1.2632,Intra-Protein Euclidean Distance:1.4662,
A14-07151_Ratio.21403.21403.2,Intra-Peptide Euclidean Distance:2.0023,Intra-Protein Euclidean Distance:2.5752,
A14-07151_Ratio.10001.10001.2,Intra-Protein Euclidean Distance:0.6006,
A14-07151_Ratio.18270.18270.2,Intra-Peptide Euclidean Distance:0.8174,Intra-Protein Euclidean Distance:0.6736,
A14-07151_Ratio.28657.28657.3,Intra-Peptide Euclidean Distance:0.8156,Intra-Protein Euclidean Distance:1.2121,
A14-07151_Ratio.21428.21428.3,Intra-Peptide Euclidean Distance:0.9899,Intra-Protein Euclidean Distance:0.7157,
A14-07151_Ratio.22698.22698.3,Intra-Peptide Euclidean Distance:1.6838,Intra-Protein Euclidean Distance:1.4353,
A14-07151_Ratio.26167.26167.3,Intra-Peptide Euclidean Distance:1.979,Intra-Protein Euclidean Distance:1.6855,
A14-07151_Ratio.09747.09747.2,Intra-Peptide Euclidean Distance:1.2407,Intra-Protein Euclidean Distance:0.93,
A14-07151_Ratio.24175.24175.2,Intra-Peptide Euclidean Distance:1.7206,Intra-Protein Euclidean Distance:1.9159,
A14-07151_Ratio.18883.18883.2,Intra-Peptide Euclidean Distance:1.8426,Intra-Protein Euclidean Distance:2.1482,
A14-07151_Ratio.32047.32047.3,Intra-Peptide Euclidean Distance:0.8002,Intra-Protein Euclidean Distance:0.784,
A14-07151_Ratio.38922.38922.3,Intra-Peptide Euclidean Distance:1.2214,Intra-Protein Euclidean Distance:1.0554,
A14-07151_Ratio.27822.27822.2,Intra-Peptide Euclidean Distance:0.9335,Intra-Protein Euclidean Distance:1.1039,
A14-07151_Ratio.10333.10333.2,Intra-Protein Euclidean Distance:1.0385,
A14-07151_Ratio.10711.10711.2,Intra-Peptide Euclidean Distance:0.9768,Intra-Protein Euclidean Distance:1.0852,
A14-07151_Ratio.08911.08911.2,Intra-Protein Euclidean Distance:1.1922,
A14-07151_Ratio.17324.17324.2,Intra-Peptide Euclidean Distance:1.0435,Intra-Protein Euclidean Distance:1.2177,
A14-07151_Ratio.20634.20634.2,Intra-Peptide Euclidean Distance:1.2229,Intra-Protein Euclidean Distance:0.6884,
A14-07151_Ratio.10355.10355.2,Intra-Protein Euclidean Distance:1.0725,
A14-07151_Ratio.32133.32133.3,Intra-Peptide Euclidean Distance:0.9289,Intra-Protein Euclidean Distance:1.4578,
A14-07151_Ratio.09326.09326.2,Intra-Peptide Euclidean Distance:0.8744,Intra-Protein Euclidean Distance:1.2325,
A14-07151_Ratio.32114.32114.3,Intra-Peptide Euclidean Distance:1.4414,Intra-Protein Euclidean Distance:2.0973,
A14-07151_Ratio.24634.24634.2,Intra-Protein Euclidean Distance:0.9903,
A14-07151_Ratio.13786.13786.2,Intra-Protein Euclidean Distance:1.4653,
A14-07151_Ratio.04315.04315.2,Intra-Peptide Euclidean Distance:1.3276,Intra-Protein Euclidean Distance:0.6722,
A14-07151_Ratio.26412.26412.2,Intra-Peptide Euclidean Distance:1.2187,Intra-Protein Euclidean Distance:1.0621,
A14-07151_Ratio.36213.36213.2,Intra-Peptide Euclidean Distance:1.5517,Intra-Protein Euclidean Distance:2.4144,
A14-07151_Ratio.18989.18989.2,Intra-Peptide Euclidean Distance:0.9766,Intra-Protein Euclidean Distance:0.9525,
A14-07151_Ratio.16412.16412.2,Intra-Peptide Euclidean Distance:1.2559,Intra-Protein Euclidean Distance:1.1236,
A14-07151_Ratio.21613.21613.2,Intra-Protein Euclidean Distance:1.0695,
A14-07151_Ratio.10361.10361.2,Intra-Peptide Euclidean Distance:1.3517,Intra-Protein Euclidean Distance:2.6718,
A14-07151_Ratio.12002.12002.2,Intra-Peptide Euclidean Distance:1.8982,Intra-Protein Euclidean Distance:1.3637,
A14-07151_Ratio.17915.17915.2,Intra-Peptide Euclidean Distance:0.9181,Intra-Protein Euclidean Distance:1.06,
A14-07151_Ratio.22383.22383.2,Intra-Peptide Euclidean Distance:1.0246,Intra-Protein Euclidean Distance:0.9754,
A14-07151_Ratio.11201.11201.2,Intra-Protein Euclidean Distance:1.1725,
A14-07151_Ratio.11323.11323.2,Intra-Peptide Euclidean Distance:0.9957,Intra-Protein Euclidean Distance:0.9542,
A14-07151_Ratio.11839.11839.2,Intra-Protein Euclidean Distance:0.962,
A14-07151_Ratio.16789.16789.2,Intra-Protein Euclidean Distance:0.8775,
A14-07151_Ratio.24058.24058.2,Intra-Protein Euclidean Distance:1.0236,
A14-07151_Ratio.12215.12215.2,Intra-Protein Euclidean Distance:0.859,
A14-07151_Ratio.08451.08451.2,Intra-Protein Euclidean Distance:0.8919,
A14-07151_Ratio.25913.25913.2,Intra-Protein Euclidean Distance:0.8829,
A14-07151_Ratio.08097.08097.2,Intra-Protein Euclidean Distance:0.8256,
A14-07151_Ratio.27178.27178.2,Intra-Peptide Euclidean Distance:1.345,Intra-Protein Euclidean Distance:1.1615,
A14-07151_Ratio.07811.07811.2,Intra-Peptide Euclidean Distance:1.3472,Intra-Protein Euclidean Distance:1.8481,
A14-07151_Ratio.11892.11892.2,Intra-Peptide Euclidean Distance:1.8781,Intra-Protein Euclidean Distance:3.1044,
A14-07151_Ratio.36063.36063.3,Intra-Peptide Euclidean Distance:1.0466,Intra-Protein Euclidean Distance:3.1837,
A14-07151_Ratio.39512.39512.3,Intra-Peptide Euclidean Distance:1.3432,Intra-Protein Euclidean Distance:2.9754,
A14-07151_Ratio.39500.39500.3,Intra-Peptide Euclidean Distance:1.194,Intra-Protein Euclidean Distance:2.9513,
A14-07151_Ratio.15610.15610.2,Intra-Peptide Euclidean Distance:1.3587,Intra-Protein Euclidean Distance:0.6388,
A14-07151_Ratio.17930.17930.2,Intra-Peptide Euclidean Distance:1.6781,Intra-Protein Euclidean Distance:2.2128,
A14-07151_Ratio.18245.18245.2,Intra-Peptide Euclidean Distance:0.8687,
A14-07151_Ratio.16168.16168.2,Intra-Peptide Euclidean Distance:0.9903,Intra-Protein Euclidean Distance:0.6033,
A14-07151_Ratio.17058.17058.2,Intra-Peptide Euclidean Distance:0.9862,
A14-07151_Ratio.18151.18151.2,Intra-Peptide Euclidean Distance:1.4234,Intra-Protein Euclidean Distance:2.1875,
A14-07151_Ratio.07463.07463.2,Intra-Peptide Euclidean Distance:1.3948,Intra-Protein Euclidean Distance:1.9793,
A14-07151_Ratio.20486.20486.4,Intra-Peptide Euclidean Distance:0.9701,Intra-Protein Euclidean Distance:1.2328,F-value:0.398,
A14-07151_Ratio.12639.12639.3,Intra-Protein Euclidean Distance:0.6385,
A14-07151_Ratio.18054.18054.2,Intra-Peptide Euclidean Distance:1.0501,Intra-Protein Euclidean Distance:1.7986,
A14-07151_Ratio.23145.23145.2,Intra-Peptide Euclidean Distance:1.8113,Intra-Protein Euclidean Distance:2.996,
A14-07151_Ratio.33436.33436.3,Intra-Peptide Euclidean Distance:1.1622,
A14-07151_Ratio.20402.20402.3,Intra-Peptide Euclidean Distance:1.3412,Intra-Protein Euclidean Distance:3.4533,
A14-07151_Ratio.20449.20449.3,Intra-Peptide Euclidean Distance:1.6997,Intra-Protein Euclidean Distance:3.9671,
A14-07151_Ratio.10990.10990.2,Intra-Peptide Euclidean Distance:0.9404,Intra-Protein Euclidean Distance:1.3597,
A14-07151_Ratio.26180.26180.2,Intra-Peptide Euclidean Distance:1.871,Intra-Protein Euclidean Distance:2.3853,
A14-07151_Ratio.07668.07668.2,Intra-Peptide Euclidean Distance:1.6575,Intra-Protein Euclidean Distance:3.3716,
A14-07151_Ratio.33262.33262.2,Intra-Peptide Euclidean Distance:2.1976,Intra-Protein Euclidean Distance:3.1431,
A14-07151_Ratio.16926.16926.2,Intra-Peptide Euclidean Distance:0.805,Intra-Protein Euclidean Distance:0.9233,
A14-07151_Ratio.20108.20108.2,Intra-Peptide Euclidean Distance:2.3775,Intra-Protein Euclidean Distance:3.9493,
A14-07151_Ratio.15204.15204.2,Intra-Peptide Euclidean Distance:1.779,Intra-Protein Euclidean Distance:2.8419,
A14-07151_Ratio.13342.13342.2,Intra-Peptide Euclidean Distance:0.9298,
A14-07151_Ratio.16298.16298.2,Intra-Peptide Euclidean Distance:2.0555,Intra-Protein Euclidean Distance:3.7281,
A14-07151_Ratio.12836.12836.2,Intra-Peptide Euclidean Distance:1.6095,
A14-07151_Ratio.15756.15756.2,Intra-Peptide Euclidean Distance:1.7143,Intra-Protein Euclidean Distance:2.0773,
A14-07151_Ratio.12077.12077.2,Intra-Peptide Euclidean Distance:0.9601,Intra-Protein Euclidean Distance:1.4699,
A14-07151_Ratio.19268.19268.2,Intra-Peptide Euclidean Distance:0.866,Intra-Protein Euclidean Distance:0.9705,
A14-07151_Ratio.13858.13858.2,Intra-Peptide Euclidean Distance:0.858,
A14-07151_Ratio.14333.14333.2,Intra-Peptide Euclidean Distance:2.6355,Intra-Protein Euclidean Distance:3.6098,
A14-07151_Ratio.26301.26301.2,Intra-Peptide Euclidean Distance:0.9208,Intra-Protein Euclidean Distance:1.2833,
A14-07151_Ratio.24163.24163.2,Intra-Protein Euclidean Distance:0.7301,
A14-07151_Ratio.23537.23537.2,Intra-Peptide Euclidean Distance:2.0118,Intra-Protein Euclidean Distance:3.3399,
A14-07151_Ratio.26705.26705.2,Intra-Peptide Euclidean Distance:0.8401,Intra-Protein Euclidean Distance:1.202,
A14-07151_Ratio.29373.29373.3,Intra-Peptide Euclidean Distance:2.6491,Intra-Protein Euclidean Distance:3.9171,
A14-07151_Ratio.16670.16670.3,Intra-Peptide Euclidean Distance:1.4993,Intra-Protein Euclidean Distance:1.5107,
A14-07151_Ratio.31303.31303.3,Intra-Protein Euclidean Distance:0.8284,
A14-07151_Ratio.09790.09790.2,Intra-Peptide Euclidean Distance:1.1344,Intra-Protein Euclidean Distance:1.4757,
A14-07151_Ratio.27635.27635.2,Intra-Protein Euclidean Distance:0.6369,
A14-07151_Ratio.13773.13773.2,Intra-Protein Euclidean Distance:0.6469,
A14-07151_Ratio.24980.24980.2,Intra-Peptide Euclidean Distance:1.7546,Intra-Protein Euclidean Distance:2.9508,
A14-07151_Ratio.13226.13226.2,Intra-Peptide Euclidean Distance:1.4836,Intra-Protein Euclidean Distance:2.4813,
A14-07151_Ratio.12641.12641.2,Intra-Peptide Euclidean Distance:1.4489,Intra-Protein Euclidean Distance:2.4791,
A14-07151_Ratio.18487.18487.2,Intra-Peptide Euclidean Distance:0.9074,
A14-07151_Ratio.41585.41585.2,Average Reporter Ion Intensity:3589.534550141531,Intra-Peptide Euclidean Distance:1.0682,Intra-Protein Euclidean Distance:1.0006,
A14-07151_Ratio.17546.17546.2,Intra-Protein Euclidean Distance:0.8517,
A14-07151_Ratio.26617.26617.2,Intra-Peptide Euclidean Distance:0.8165,Intra-Protein Euclidean Distance:0.9015,
A14-07151_Ratio.32580.32580.2,Intra-Protein Euclidean Distance:0.6288,
A14-07151_Ratio.18374.18374.3,Intra-Protein Euclidean Distance:0.7827,
A14-07151_Ratio.29736.29736.2,Intra-Protein Euclidean Distance:0.8391,
A14-07151_Ratio.16118.16118.3,Intra-Peptide Euclidean Distance:2.227,
A14-07151_Ratio.15766.15766.2,Intra-Peptide Euclidean Distance:1.0137,Intra-Protein Euclidean Distance:1.3385,
A14-07151_Ratio.26188.26188.2,Intra-Peptide Euclidean Distance:1.1705,Intra-Protein Euclidean Distance:1.6736,
A14-07151_Ratio.22086.22086.2,Intra-Peptide Euclidean Distance:1.1323,Intra-Protein Euclidean Distance:1.636,
A14-07151_Ratio.23609.23609.2,Intra-Protein Euclidean Distance:0.8731,
A14-07151_Ratio.28307.28307.3,Intra-Protein Euclidean Distance:0.6669,
A14-07151_Ratio.22183.22183.2,Intra-Protein Euclidean Distance:0.6517,
A14-07151_Ratio.21993.21993.2,Intra-Protein Euclidean Distance:0.8706,
A14-07151_Ratio.22052.22052.3,Intra-Protein Euclidean Distance:0.7661,
A14-07151_Ratio.23027.23027.3,Intra-Protein Euclidean Distance:0.7863,
A14-07151_Ratio.28444.28444.3,Intra-Peptide Euclidean Distance:1.7892,Intra-Protein Euclidean Distance:1.7891,
A14-07151_Ratio.36726.36726.4,Intra-Peptide Euclidean Distance:0.8319,
A14-07151_Ratio.27486.27486.3,Intra-Peptide Euclidean Distance:1.17,Intra-Protein Euclidean Distance:1.7879,
A14-07151_Ratio.17229.17229.2,Intra-Peptide Euclidean Distance:1.9947,Intra-Protein Euclidean Distance:2.5381,
A14-07151_Ratio.26980.26980.2,Intra-Peptide Euclidean Distance:2.1422,Intra-Protein Euclidean Distance:1.0286,
A14-07151_Ratio.36540.36540.3,Intra-Protein Euclidean Distance:0.678,
A14-07151_Ratio.03600.03600.2,Average Reporter Ion Intensity:7726.32583335196,
A14-07151_Ratio.02973.02973.2,Average Reporter Ion Intensity:9553.476478359498,
A14-07151_Ratio.38336.38336.4,Intra-Peptide Euclidean Distance:2.9364,Intra-Protein Euclidean Distance:4.1646,
A14-07151_Ratio.23174.23174.4,Intra-Peptide Euclidean Distance:1.0247,Intra-Protein Euclidean Distance:0.7588,
A14-07151_Ratio.36173.36173.2,Intra-Peptide Euclidean Distance:1.3688,Intra-Protein Euclidean Distance:1.8318,
A14-07151_Ratio.11334.11334.2,Intra-Peptide Euclidean Distance:1.1616,Intra-Protein Euclidean Distance:1.8778,
A14-07151_Ratio.29500.29500.3,Intra-Peptide Euclidean Distance:1.2663,Intra-Protein Euclidean Distance:1.6701,
A14-07151_Ratio.13599.13599.3,Intra-Peptide Euclidean Distance:1.5095,Intra-Protein Euclidean Distance:2.0749,
A14-07151_Ratio.23459.23459.2,Intra-Peptide Euclidean Distance:1.7543,Intra-Protein Euclidean Distance:1.0304,
A14-07151_Ratio.24827.24827.4,Intra-Protein Euclidean Distance:1.0087,
A14-07151_Ratio.41613.41613.4,Average Reporter Ion Intensity:4434.742004282224,
A14-07151_Ratio.14821.14821.2,Intra-Peptide Euclidean Distance:1.2086,
A14-07151_Ratio.21172.21172.2,Intra-Peptide Euclidean Distance:1.3772,Intra-Protein Euclidean Distance:0.9099,
A14-07151_Ratio.28321.28321.3,Intra-Peptide Euclidean Distance:2.496,Intra-Protein Euclidean Distance:2.1541,
A14-07151_Ratio.12699.12699.3,Intra-Peptide Euclidean Distance:1.1487,Intra-Protein Euclidean Distance:1.0715,
A14-07151_Ratio.26068.26068.4,Intra-Peptide Euclidean Distance:0.9802,Intra-Protein Euclidean Distance:1.0771,
A14-07151_Ratio.05673.05673.2,Intra-Peptide Euclidean Distance:1.1988,Intra-Protein Euclidean Distance:1.1971,
A14-07151_Ratio.08750.08750.2,Intra-Peptide Euclidean Distance:1.1731,Intra-Protein Euclidean Distance:1.1746,
A14-07151_Ratio.38296.38296.3,Intra-Protein Euclidean Distance:1.3343,
A14-07151_Ratio.36403.36403.3,Intra-Peptide Euclidean Distance:1.1132,Intra-Protein Euclidean Distance:1.5927,
A14-07151_Ratio.13830.13830.2,Intra-Peptide Euclidean Distance:0.8797,
A14-07151_Ratio.35730.35730.4,Intra-Peptide Euclidean Distance:1.1491,Intra-Protein Euclidean Distance:1.1371,
A14-07151_Ratio.23362.23362.4,Intra-Protein Euclidean Distance:0.7106,
A14-07151_Ratio.41110.41110.4,Average Reporter Ion Intensity:6216.235606626716,
A14-07151_Ratio.22096.22096.2,Intra-Peptide Euclidean Distance:1.8306,Intra-Protein Euclidean Distance:1.0086,
A14-07151_Ratio.20582.20582.2,Intra-Peptide Euclidean Distance:1.3866,Intra-Protein Euclidean Distance:3.2434,
A14-07151_Ratio.40544.40544.3,Intra-Peptide Euclidean Distance:1.7502,Intra-Protein Euclidean Distance:1.1242,
A14-07151_Ratio.10536.10536.2,Intra-Peptide Euclidean Distance:1.7621,Intra-Protein Euclidean Distance:2.3203,
A14-07151_Ratio.21822.21822.2,Intra-Peptide Euclidean Distance:0.8236,
A14-07151_Ratio.17632.17632.3,Intra-Protein Euclidean Distance:0.6481,
A14-07151_Ratio.17724.17724.3,Intra-Peptide Euclidean Distance:0.8294,Intra-Protein Euclidean Distance:1.101,
A14-07151_Ratio.15356.15356.2,Intra-Peptide Euclidean Distance:1.206,Intra-Protein Euclidean Distance:1.9979,
A14-07151_Ratio.40972.40972.3,Intra-Protein Euclidean Distance:0.6317,
A14-07151_Ratio.12323.12323.2,Intra-Protein Euclidean Distance:1.2734,
A14-07151_Ratio.26719.26719.2,Intra-Peptide Euclidean Distance:1.1872,
A14-07151_Ratio.13215.13215.2,Intra-Peptide Euclidean Distance:0.8383,Intra-Protein Euclidean Distance:0.9891,
A14-07151_Ratio.37897.37897.4,Intra-Peptide Euclidean Distance:1.3741,
A14-07151_Ratio.41353.41353.5,Charge:5,Peptide Length:26,Dot Product:0.256,F-value:0.205,
A14-07151_Ratio.33979.33979.3,Intra-Peptide Euclidean Distance:1.7797,Intra-Protein Euclidean Distance:2.1045,
A14-07151_Ratio.34822.34822.2,Intra-Peptide Euclidean Distance:2.9361,Intra-Protein Euclidean Distance:7.4066,
A14-07151_Ratio.21558.21558.3,Intra-Peptide Euclidean Distance:1.2824,Intra-Protein Euclidean Distance:1.866,
A14-07151_Ratio.05186.05186.2,Intra-Peptide Euclidean Distance:1.0939,Intra-Protein Euclidean Distance:0.851,
A14-07151_Ratio.24897.24897.2,Intra-Peptide Euclidean Distance:1.4839,Intra-Protein Euclidean Distance:1.6198,
A14-07151_Ratio.25797.25797.2,Intra-Peptide Euclidean Distance:1.6203,Intra-Protein Euclidean Distance:1.0153,
A14-07151_Ratio.19216.19216.3,Intra-Protein Euclidean Distance:0.6044,
A14-07151_Ratio.18701.18701.2,Intra-Peptide Euclidean Distance:2.4297,Intra-Protein Euclidean Distance:1.6069,
A14-07151_Ratio.07127.07127.2,Intra-Peptide Euclidean Distance:2.2176,Intra-Protein Euclidean Distance:2.0447,
A14-07151_Ratio.37273.37273.3,Intra-Peptide Euclidean Distance:3.1069,Intra-Protein Euclidean Distance:4.9584,
A14-07151_Ratio.18705.18705.3,Intra-Peptide Euclidean Distance:1.5287,Intra-Protein Euclidean Distance:0.9963,
A14-07151_Ratio.08856.08856.2,Intra-Peptide Euclidean Distance:1.5433,Intra-Protein Euclidean Distance:1.6412,
A14-07151_Ratio.31750.31750.2,Intra-Peptide Euclidean Distance:1.0727,Intra-Protein Euclidean Distance:1.1821,
A14-07151_Ratio.19390.19390.3,Intra-Protein Euclidean Distance:0.6235,
A14-07151_Ratio.17874.17874.2,Intra-Peptide Euclidean Distance:0.8257,Intra-Protein Euclidean Distance:0.8199,
A14-07151_Ratio.37355.37355.4,Intra-Peptide Euclidean Distance:1.4696,Intra-Protein Euclidean Distance:1.0527,
A14-07151_Ratio.28955.28955.3,Intra-Protein Euclidean Distance:0.9749,
A14-07151_Ratio.18835.18835.3,Intra-Peptide Euclidean Distance:1.3034,Intra-Protein Euclidean Distance:2.9183,
A14-07151_Ratio.03981.03981.2,Average Reporter Ion Intensity:9791.758109436114,
A14-07151_Ratio.16367.16367.2,Intra-Peptide Euclidean Distance:2.076,Intra-Protein Euclidean Distance:2.448,
A14-07151_Ratio.23398.23398.2,Intra-Peptide Euclidean Distance:0.8615,Intra-Protein Euclidean Distance:0.7224,
A14-07151_Ratio.19821.19821.2,Intra-Peptide Euclidean Distance:1.3516,Intra-Protein Euclidean Distance:1.8026,
A14-07151_Ratio.26774.26774.2,Intra-Peptide Euclidean Distance:0.8388,Intra-Protein Euclidean Distance:0.7104,
A14-07151_Ratio.18656.18656.3,Intra-Protein Euclidean Distance:0.6783,
A14-07151_Ratio.31567.31567.4,Intra-Peptide Euclidean Distance:1.0618,Intra-Protein Euclidean Distance:1.3829,
A14-07151_Ratio.11300.11300.3,Intra-Peptide Euclidean Distance:1.5632,Intra-Protein Euclidean Distance:1.6191,
A14-07151_Ratio.40461.40461.3,Intra-Peptide Euclidean Distance:0.9646,Intra-Protein Euclidean Distance:1.4561,
A14-07151_Ratio.29165.29165.2,Intra-Peptide Euclidean Distance:0.8891,Intra-Protein Euclidean Distance:1.1719,
A14-07151_Ratio.09481.09481.2,Intra-Peptide Euclidean Distance:1.044,
A14-07151_Ratio.25501.25501.2,Intra-Peptide Euclidean Distance:1.0752,Intra-Protein Euclidean Distance:1.6836,
A14-07151_Ratio.19581.19581.2,Intra-Protein Euclidean Distance:0.62,
A14-07151_Ratio.21426.21426.2,Intra-Peptide Euclidean Distance:1.3782,Intra-Protein Euclidean Distance:1.8696,
A14-07151_Ratio.13611.13611.2,Intra-Peptide Euclidean Distance:1.2908,Intra-Protein Euclidean Distance:1.2813,
A14-07151_Ratio.15748.15748.2,Intra-Peptide Euclidean Distance:0.8397,
A14-07151_Ratio.12670.12670.2,Intra-Peptide Euclidean Distance:2.281,Intra-Protein Euclidean Distance:4.2847,
A14-07151_Ratio.30142.30142.3,Intra-Protein Euclidean Distance:0.6626,
A14-07151_Ratio.14723.14723.2,Intra-Protein Euclidean Distance:0.8996,
A14-07151_Ratio.38490.38490.2,Intra-Peptide Euclidean Distance:1.1571,Intra-Protein Euclidean Distance:0.8511,
A14-07151_Ratio.25766.25766.2,Intra-Peptide Euclidean Distance:1.3668,Intra-Protein Euclidean Distance:2.8898,
A14-07151_Ratio.13752.13752.2,Intra-Protein Euclidean Distance:1.4779,
A14-07151_Ratio.17197.17197.2,Intra-Protein Euclidean Distance:1.5382,
A14-07151_Ratio.21030.21030.2,Intra-Protein Euclidean Distance:1.4115,
A14-07151_Ratio.26193.26193.3,Intra-Protein Euclidean Distance:0.7473,
A14-07151_Ratio.21865.21865.2,Intra-Peptide Euclidean Distance:1.3506,Intra-Protein Euclidean Distance:2.4089,
A14-07151_Ratio.28443.28443.4,Intra-Peptide Euclidean Distance:0.8966,
A14-07151_Ratio.19569.19569.2,Intra-Peptide Euclidean Distance:1.6,Intra-Protein Euclidean Distance:1.3595,
A14-07151_Ratio.23268.23268.2,Intra-Peptide Euclidean Distance:1.9473,Intra-Protein Euclidean Distance:1.0726,
A14-07151_Ratio.13947.13947.2,Intra-Protein Euclidean Distance:1.0874,
A14-07151_Ratio.24805.24805.3,Intra-Protein Euclidean Distance:0.8759,
A14-07151_Ratio.40150.40150.3,Intra-Protein Euclidean Distance:0.6407,
A14-07151_Ratio.39179.39179.2,Intra-Peptide Euclidean Distance:2.7537,Intra-Protein Euclidean Distance:2.324,
A14-07151_Ratio.33586.33586.3,Intra-Peptide Euclidean Distance:1.656,Intra-Protein Euclidean Distance:1.5522,
A14-07151_Ratio.21249.21249.4,Intra-Peptide Euclidean Distance:1.4401,Intra-Protein Euclidean Distance:1.1126,
A14-07151_Ratio.15744.15744.2,Intra-Peptide Euclidean Distance:0.9359,Intra-Protein Euclidean Distance:1.026,
A14-07151_Ratio.34367.34367.2,Intra-Peptide Euclidean Distance:0.88,Intra-Protein Euclidean Distance:1.9107,
A14-07151_Ratio.30237.30237.2,Intra-Protein Euclidean Distance:0.9875,
A14-07151_Ratio.41525.41525.2,Intra-Peptide Euclidean Distance:1.8632,Intra-Protein Euclidean Distance:3.5602,
A14-07151_Ratio.20750.20750.2,Intra-Peptide Euclidean Distance:0.8463,Intra-Protein Euclidean Distance:0.9754,
A14-07151_Ratio.27477.27477.3,Intra-Peptide Euclidean Distance:1.0476,Intra-Protein Euclidean Distance:1.5242,
A14-07151_Ratio.20608.20608.3,Intra-Peptide Euclidean Distance:1.0479,Intra-Protein Euclidean Distance:0.7945,
A14-07151_Ratio.13412.13412.2,Intra-Protein Euclidean Distance:0.6403,
A14-07151_Ratio.35092.35092.3,Intra-Peptide Euclidean Distance:0.8766,Intra-Protein Euclidean Distance:1.5725,
A14-07151_Ratio.12772.12772.2,Intra-Peptide Euclidean Distance:1.1731,Intra-Protein Euclidean Distance:1.7392,
A14-07151_Ratio.26265.26265.2,Intra-Protein Euclidean Distance:0.6612,
A14-07151_Ratio.26253.26253.2,Intra-Peptide Euclidean Distance:1.2589,
A14-07151_Ratio.29696.29696.2,Intra-Protein Euclidean Distance:1.0644,
A14-07151_Ratio.21063.21063.2,Intra-Peptide Euclidean Distance:0.8813,
A14-07151_Ratio.41071.41071.4,Average Reporter Ion Intensity:5097.69897213855,
A14-07151_Ratio.03311.03311.2,Average Reporter Ion Intensity:3569.20512800508,Intra-Peptide Euclidean Distance:1.931,Intra-Protein Euclidean Distance:1.4075,
A14-07151_Ratio.20625.20625.2,Intra-Protein Euclidean Distance:0.9278,
A14-07151_Ratio.16284.16284.2,Intra-Peptide Euclidean Distance:0.895,
A14-07151_Ratio.16328.16328.2,Intra-Peptide Euclidean Distance:2.2686,Intra-Protein Euclidean Distance:1.4242,
A14-07151_Ratio.28603.28603.2,Intra-Protein Euclidean Distance:1.0705,
A14-07151_Ratio.09689.09689.2,Intra-Protein Euclidean Distance:0.8651,
A14-07151_Ratio.22802.22802.2,Intra-Peptide Euclidean Distance:1.1486,Intra-Protein Euclidean Distance:1.1461,
A14-07151_Ratio.17019.17019.2,Intra-Peptide Euclidean Distance:1.2637,Intra-Protein Euclidean Distance:1.4002,
A14-07151_Ratio.19404.19404.2,Intra-Peptide Euclidean Distance:0.9949,Intra-Protein Euclidean Distance:1.0942,
A14-07151_Ratio.24166.24166.2,Intra-Peptide Euclidean Distance:0.8808,Intra-Protein Euclidean Distance:0.9375,
A14-07151_Ratio.30919.30919.2,Intra-Peptide Euclidean Distance:1.9909,Intra-Protein Euclidean Distance:1.0143,
A14-07151_Ratio.36026.36026.3,Intra-Peptide Euclidean Distance:2.1145,Intra-Protein Euclidean Distance:0.9947,
A14-07151_Ratio.20558.20558.4,Peptide Length:26,Intra-Protein Euclidean Distance:0.6581,
A14-07151_Ratio.17337.17337.2,Intra-Peptide Euclidean Distance:1.6788,Intra-Protein Euclidean Distance:2.0931,
A14-07151_Ratio.38056.38056.3,Intra-Peptide Euclidean Distance:0.9113,
A14-07151_Ratio.41446.41446.3,Intra-Peptide Euclidean Distance:3.335,Intra-Protein Euclidean Distance:13.0671,
A14-07151_Ratio.15371.15371.2,Intra-Peptide Euclidean Distance:1.5607,Intra-Protein Euclidean Distance:0.6179,
A14-07151_Ratio.20079.20079.3,Intra-Peptide Euclidean Distance:0.9056,Intra-Protein Euclidean Distance:0.8593,
A14-07151_Ratio.20633.20633.3,Intra-Protein Euclidean Distance:0.9437,
A14-07151_Ratio.22706.22706.3,Intra-Peptide Euclidean Distance:1.222,Intra-Protein Euclidean Distance:0.7831,
A14-07151_Ratio.13192.13192.2,Intra-Protein Euclidean Distance:0.6471,
A14-07151_Ratio.40006.40006.3,Average Reporter Ion Intensity:8078.249944403884,Intra-Protein Euclidean Distance:1.32,
A14-07151_Ratio.18482.18482.2,Intra-Peptide Euclidean Distance:1.6938,Intra-Protein Euclidean Distance:1.4041,
A14-07151_Ratio.15866.15866.2,Intra-Peptide Euclidean Distance:1.1077,
A14-07151_Ratio.37474.37474.3,Intra-Peptide Euclidean Distance:1.3129,Intra-Protein Euclidean Distance:1.5771,
A14-07151_Ratio.38749.38749.4,Peptide Length:25,
A14-07151_Ratio.04622.04622.2,Average Reporter Ion Intensity:9354.214919959484,
A14-07151_Ratio.06313.06313.2,Intra-Protein Euclidean Distance:0.8325,
A14-07151_Ratio.22003.22003.3,Intra-Peptide Euclidean Distance:0.9289,
A14-07151_Ratio.29712.29712.2,Intra-Peptide Euclidean Distance:1.2938,Intra-Protein Euclidean Distance:2.0107,
A14-07151_Ratio.39998.39998.3,Intra-Protein Euclidean Distance:0.9724,
A14-07151_Ratio.27777.27777.3,Intra-Protein Euclidean Distance:0.6122,
A14-07151_Ratio.33634.33634.2,Intra-Protein Euclidean Distance:0.7755,
A14-07151_Ratio.35204.35204.2,Intra-Protein Euclidean Distance:0.9358,
A14-07151_Ratio.24841.24841.3,Intra-Peptide Euclidean Distance:0.8735,Intra-Protein Euclidean Distance:1.5666,
A14-07151_Ratio.28852.28852.2,Intra-Protein Euclidean Distance:0.6868,
A14-07151_Ratio.03897.03897.2,Average Reporter Ion Intensity:2094.7081701619154,
A14-07151_Ratio.16339.16339.2,Intra-Protein Euclidean Distance:0.6364,
A14-07151_Ratio.36593.36593.3,Intra-Protein Euclidean Distance:0.7389,
A14-07151_Ratio.30683.30683.4,Peptide Length:28,
A14-07151_Ratio.29146.29146.2,Intra-Protein Euclidean Distance:0.7707,
A14-07151_Ratio.08884.08884.2,Intra-Peptide Euclidean Distance:1.1144,Intra-Protein Euclidean Distance:1.2586,
A14-07151_Ratio.23775.23775.2,Intra-Protein Euclidean Distance:0.6569,
A14-07151_Ratio.33240.33240.3,Intra-Peptide Euclidean Distance:1.1593,Intra-Protein Euclidean Distance:0.8889,
A14-07151_Ratio.38298.38298.4,Peptide Length:26,
A14-07151_Ratio.27202.27202.3,Intra-Peptide Euclidean Distance:1.8565,
A14-07151_Ratio.22719.22719.4,Peptide Length:26,Intra-Protein Euclidean Distance:0.619,
A14-07151_Ratio.40347.40347.3,Average Reporter Ion Intensity:7175.205882066547,Intra-Peptide Euclidean Distance:0.8393,
A14-07151_Ratio.40375.40375.3,Average Reporter Ion Intensity:4160.971675830913,Intra-Peptide Euclidean Distance:2.1778,Intra-Protein Euclidean Distance:1.3326,
A14-07151_Ratio.33294.33294.3,Intra-Peptide Euclidean Distance:0.8421,
A14-07151_Ratio.34396.34396.2,Average Reporter Ion Intensity:7228.769653439976,
A14-07151_Ratio.40130.40130.4,Peptide Length:26,Intra-Peptide Euclidean Distance:0.9722,Intra-Protein Euclidean Distance:1.0051,
A14-07151_Ratio.40610.40610.4,Peptide Length:26,
A14-07151_Ratio.27993.27993.3,Intra-Peptide Euclidean Distance:0.8368,
A14-07151_Ratio.29338.29338.3,Intra-Peptide Euclidean Distance:0.9578,
A14-07151_Ratio.29290.29290.3,Intra-Protein Euclidean Distance:0.8581,
A14-07151_Ratio.41536.41536.2,Average Reporter Ion Intensity:6857.807032342237,
A14-07151_Ratio.24308.24308.3,Intra-Protein Euclidean Distance:1.0406,
A14-07151_Ratio.35232.35232.3,Intra-Peptide Euclidean Distance:1.9293,Intra-Protein Euclidean Distance:2.4415,
A14-07151_Ratio.16785.16785.2,Intra-Peptide Euclidean Distance:0.8238,
A14-07151_Ratio.30299.30299.3,Intra-Peptide Euclidean Distance:0.8394,Intra-Protein Euclidean Distance:0.8089,
A14-07151_Ratio.30109.30109.3,Intra-Peptide Euclidean Distance:0.9871,Intra-Protein Euclidean Distance:0.9217,
A14-07151_Ratio.33535.33535.3,Intra-Peptide Euclidean Distance:1.0122,Intra-Protein Euclidean Distance:0.9448,
A14-07151_Ratio.19908.19908.2,Intra-Protein Euclidean Distance:1.1561,
A14-07151_Ratio.17015.17015.2,Intra-Protein Euclidean Distance:0.9832,
A14-07151_Ratio.16202.16202.2,Intra-Protein Euclidean Distance:0.9691,
A14-07151_Ratio.20586.20586.2,Intra-Peptide Euclidean Distance:1.722,Intra-Protein Euclidean Distance:1.1096,
A14-07151_Ratio.20215.20215.2,Intra-Peptide Euclidean Distance:1.1199,Intra-Protein Euclidean Distance:1.0451,
A14-07151_Ratio.20208.20208.2,Intra-Protein Euclidean Distance:0.6536,
A14-07151_Ratio.38750.38750.3,Intra-Protein Euclidean Distance:0.601,
A14-07151_Ratio.34774.34774.3,Intra-Protein Euclidean Distance:2.1333,
A14-07151_Ratio.20915.20915.2,Intra-Protein Euclidean Distance:0.8629,
A14-07151_Ratio.41240.41240.3,Average Reporter Ion Intensity:4251.143390351542,
A14-07151_Ratio.24650.24650.2,Intra-Peptide Euclidean Distance:0.8145,
A14-07151_Ratio.31857.31857.2,Intra-Peptide Euclidean Distance:1.0983,Intra-Protein Euclidean Distance:0.698,
A14-07151_Ratio.24562.24562.2,Intra-Protein Euclidean Distance:0.9558,
A14-07151_Ratio.35648.35648.3,Intra-Protein Euclidean Distance:1.3179,
A14-07151_Ratio.32674.32674.2,Intra-Protein Euclidean Distance:1.1843,
A14-07151_Ratio.41733.41733.3,Peptide Length:25,Average Reporter Ion Intensity:1920.9885966811817,Intra-Peptide Euclidean Distance:1.836,Intra-Protein Euclidean Distance:1.2922,
A14-07151_Ratio.34386.34386.5,Charge:5,Mass:4382.3397,Peptide Length:34,Average Reporter Ion Intensity:9085.902707139738,Absolute Mass Difference:2.0066,Dot Product:0.317,F-value:0.254,
A14-07151_Ratio.29137.29137.2,F-value:0.389,
A14-07151_Ratio.29669.29669.5,Charge:5,Mass:4444.2702,Peptide Length:36,Average Reporter Ion Intensity:8239.896777603362,Intra-Peptide Euclidean Distance:0.9704,Intra-Protein Euclidean Distance:0.6754,Absolute Mass Difference:2.0154,
A14-07151_Ratio.26269.26269.3,Intra-Protein Euclidean Distance:0.7473,
A14-07151_Ratio.32116.32116.2,Intra-Protein Euclidean Distance:0.7181,
A14-07151_Ratio.41847.41847.5,Charge:5,Mass:4496.2264,Peptide Length:38,Average Reporter Ion Intensity:1416.1181420812152,Intra-Protein Euclidean Distance:0.6905,Absolute Mass Difference:2.013,
A14-07151_Ratio.43063.43063.5,Charge:5,Mass:4496.227,Peptide Length:38,Average Reporter Ion Intensity:940.4924121817263,Absolute Mass Difference:2.0137,
A14-07151_Ratio.32384.32384.5,Charge:5,Mass:4496.2301,Peptide Length:38,Absolute Mass Difference:2.0167,
A14-07151_Ratio.32000.32000.5,Charge:5,Mass:4496.2325,Peptide Length:38,Absolute Mass Difference:2.0192,
A14-07151_Ratio.31602.31602.5,Charge:5,Mass:4496.2337,Peptide Length:38,Absolute Mass Difference:2.0204,
A14-07151_Ratio.42425.42425.5,Charge:5,Mass:4496.2344,Peptide Length:38,Average Reporter Ion Intensity:974.0528719597693,Absolute Mass Difference:2.021,
A14-07151_Ratio.43679.43679.5,Charge:5,Mass:4496.2356,Peptide Length:38,Average Reporter Ion Intensity:631.7555062458908,Intra-Peptide Euclidean Distance:0.9731,Intra-Protein Euclidean Distance:0.9715,Absolute Mass Difference:2.0222,
A14-07151_Ratio.41130.41130.5,Charge:5,Mass:4496.2469,Peptide Length:38,Average Reporter Ion Intensity:2269.50730862692,Absolute Mass Difference:2.0335,
A14-07151_Ratio.20858.20858.2,Intra-Peptide Euclidean Distance:1.3319,
A14-07151_Ratio.18196.18196.2,Intra-Peptide Euclidean Distance:2.584,Intra-Protein Euclidean Distance:5.1783,
A14-07151_Ratio.14684.14684.2,Intra-Peptide Euclidean Distance:0.8179,
A14-07151_Ratio.34431.34431.3,Intra-Protein Euclidean Distance:0.6878,
A14-07151_Ratio.23746.23746.2,Intra-Peptide Euclidean Distance:0.8945,
A14-07151_Ratio.38745.38745.3,Intra-Peptide Euclidean Distance:1.4063,Intra-Protein Euclidean Distance:1.9662,
A14-07151_Ratio.03876.03876.4,Peptide Length:39,Average Reporter Ion Intensity:1579.8624073820663,Intra-Protein Euclidean Distance:0.847,
A14-07151_Ratio.26317.26317.2,Intra-Peptide Euclidean Distance:1.7404,
A14-07151_Ratio.39328.39328.3,Average Reporter Ion Intensity:6647.84012970399,
A14-07151_Ratio.20976.20976.2,Intra-Protein Euclidean Distance:1.5665,
A14-07151_Ratio.34930.34930.4,Peptide Length:30,Average Reporter Ion Intensity:3016.5442682002176,Intra-Protein Euclidean Distance:1.8286,
A14-07151_Ratio.36446.36446.3,Average Reporter Ion Intensity:8473.359659228414,Intra-Protein Euclidean Distance:0.6373,
A14-07151_Ratio.29206.29206.4,Peptide Length:30,Average Reporter Ion Intensity:9238.84817266229,
A14-07151_Ratio.33115.33115.2,Average Reporter Ion Intensity:8208.319478237374,
A14-07151_Ratio.33807.33807.2,Intra-Peptide Euclidean Distance:1.0439,Intra-Protein Euclidean Distance:1.4458,
A14-07151_Ratio.35073.35073.3,Peptide Length:25,
A14-07151_Ratio.29590.29590.2,Intra-Protein Euclidean Distance:0.657,
A14-07151_Ratio.42656.42656.3,Peptide Length:25,Average Reporter Ion Intensity:944.7440775100104,Intra-Peptide Euclidean Distance:1.2211,Intra-Protein Euclidean Distance:1.7129,
A14-07151_Ratio.40488.40488.2,Average Reporter Ion Intensity:5034.564202982272,Intra-Peptide Euclidean Distance:0.9679,
A14-07151_Ratio.32303.32303.2,Intra-Peptide Euclidean Distance:0.868,Intra-Protein Euclidean Distance:0.9443,
A14-07151_Ratio.41132.41132.3,Peptide Length:25,Average Reporter Ion Intensity:3313.747666173517,Intra-Protein Euclidean Distance:0.6713,
A14-07151_Ratio.36393.36393.3,Average Reporter Ion Intensity:5913.106416663621,Intra-Protein Euclidean Distance:0.6201,
A14-07151_Ratio.27470.27470.3,Peptide Length:26,Average Reporter Ion Intensity:6338.89310013214,
A14-07151_Ratio.19353.19353.4,Mass:4233.9914,Peptide Length:33,Average Reporter Ion Intensity:8746.102970798136,Intra-Protein Euclidean Distance:0.6418,
A14-07151_Ratio.37888.37888.2,Average Reporter Ion Intensity:8190.921824678055,Intra-Protein Euclidean Distance:0.9301,
A14-07151_Ratio.19573.19573.3,Peptide Length:27,
A14-07151_Ratio.31431.31431.3,Peptide Length:26,
A14-07151_Ratio.33977.33977.2,Average Reporter Ion Intensity:7687.038467251469,
A14-07151_Ratio.29966.29966.2,Average Reporter Ion Intensity:4100.265783997172,Intra-Peptide Euclidean Distance:0.9611,Intra-Protein Euclidean Distance:0.8274,
A14-07151_Ratio.32866.32866.2,Average Reporter Ion Intensity:8920.061255662999,
A14-07151_Ratio.36509.36509.3,Peptide Length:29,Average Reporter Ion Intensity:5498.501830583186,
A14-07151_Ratio.31894.31894.2,Intra-Peptide Euclidean Distance:1.4705,Intra-Protein Euclidean Distance:0.8153,
A14-07151_Ratio.30750.30750.3,Peptide Length:26,
A14-07151_Ratio.36700.36700.3,Peptide Length:30,Average Reporter Ion Intensity:3438.63808342395,
